fixIdx,legIdx,zoneIdx,tickLead,tickRace,time,lat,lng,alt,togo
1,1,1,-1766.133945432978,-3844.196596392434,,,,937.0,50.958
2,1,2,-1765.133945432978,-3843.196596392434,,,,929.0,50.957
29,1,29,-1738.133945432978,-3816.196596392434,,,,923.0,50.951
30,1,30,-1737.133945432978,-3815.196596392434,,,,924.0,50.942
31,1,31,-1736.133945432978,-3814.196596392434,,,,925.0,50.935
32,1,32,-1735.133945432978,-3813.196596392434,,,,925.0,50.927
33,1,33,-1734.133945432978,-3812.196596392434,,,,926.0,50.92
34,1,34,-1733.133945432978,-3811.196596392434,,,,926.0,50.913
35,1,35,-1732.133945432978,-3810.196596392434,,,,926.0,50.905
36,1,36,-1731.133945432978,-3809.196596392434,,,,926.0,50.899
37,1,37,-1730.133945432978,-3808.196596392434,,,,927.0,50.892
38,1,38,-1729.133945432978,-3807.196596392434,,,,926.0,50.883
39,1,39,-1728.133945432978,-3806.196596392434,,,,927.0,50.874
40,1,40,-1727.133945432978,-3805.196596392434,,,,928.0,50.867
41,1,41,-1726.133945432978,-3804.196596392434,,,,930.0,50.861
42,1,42,-1725.133945432978,-3803.196596392434,,,,932.0,50.855
43,1,43,-1724.133945432978,-3802.196596392434,,,,933.0,50.851
44,1,44,-1723.133945432978,-3801.196596392434,,,,934.0,50.846
45,1,45,-1722.133945432978,-3800.196596392434,,,,935.0,50.842
46,1,46,-1721.133945432978,-3799.196596392434,,,,936.0,50.838
47,1,47,-1720.133945432978,-3798.196596392434,,,,937.0,50.835
48,1,48,-1719.133945432978,-3797.196596392434,,,,939.0,50.834
111,1,111,-1656.133945432978,-3734.196596392434,,,,967.0,50.827
112,1,112,-1655.133945432978,-3733.196596392434,,,,967.0,50.819
113,1,113,-1654.133945432978,-3732.196596392434,,,,966.0,50.811
114,1,114,-1653.133945432978,-3731.196596392434,,,,965.0,50.803
115,1,115,-1652.133945432978,-3730.196596392434,,,,965.0,50.796
116,1,116,-1651.133945432978,-3729.196596392434,,,,965.0,50.789
117,1,117,-1650.133945432978,-3728.196596392434,,,,964.0,50.782
118,1,118,-1649.133945432978,-3727.196596392434,,,,964.0,50.775
119,1,119,-1648.133945432978,-3726.196596392434,,,,964.0,50.768
120,1,120,-1647.133945432978,-3725.196596392434,,,,963.0,50.761
121,1,121,-1646.133945432978,-3724.196596392434,,,,964.0,50.754
122,1,122,-1645.133945432978,-3723.196596392434,,,,964.0,50.75
123,1,123,-1644.133945432978,-3722.196596392434,,,,963.0,50.747
124,1,124,-1643.133945432978,-3721.196596392434,,,,963.0,50.744
796,1,796,-971.133945432978,-3049.196596392434,,,,1002.0,50.737
797,1,797,-970.133945432978,-3048.196596392434,,,,1000.0,50.727
798,1,798,-969.133945432978,-3047.196596392434,,,,999.0,50.718
799,1,799,-968.133945432978,-3046.196596392434,,,,998.0,50.71
800,1,800,-967.133945432978,-3045.196596392434,,,,997.0,50.701
801,1,801,-966.133945432978,-3044.196596392434,,,,995.0,50.692
802,1,802,-965.133945432978,-3043.196596392434,,,,993.0,50.684
803,1,803,-964.133945432978,-3042.196596392434,,,,991.0,50.674
804,1,804,-963.133945432978,-3041.196596392434,,,,990.0,50.664
805,1,805,-962.133945432978,-3040.196596392434,,,,988.0,50.655
806,1,806,-961.133945432978,-3039.196596392434,,,,988.0,50.645
807,1,807,-960.133945432978,-3038.196596392434,,,,987.0,50.637
808,1,808,-959.133945432978,-3037.196596392434,,,,987.0,50.63
809,1,809,-958.133945432978,-3036.196596392434,,,,985.0,50.621
810,1,810,-957.133945432978,-3035.196596392434,,,,984.0,50.613
811,1,811,-956.133945432978,-3034.196596392434,,,,982.0,50.605
812,1,812,-955.133945432978,-3033.196596392434,,,,980.0,50.594
813,1,813,-954.133945432978,-3032.196596392434,,,,978.0,50.585
814,1,814,-953.133945432978,-3031.196596392434,,,,977.0,50.575
815,1,815,-952.133945432978,-3030.196596392434,,,,975.0,50.567
816,1,816,-951.133945432978,-3029.196596392434,,,,974.0,50.559
817,1,817,-950.133945432978,-3028.196596392434,,,,972.0,50.55
818,1,818,-949.133945432978,-3027.196596392434,,,,971.0,50.541
819,1,819,-948.133945432978,-3026.196596392434,,,,968.0,50.532
820,1,820,-947.133945432978,-3025.196596392434,,,,967.0,50.523
821,1,821,-946.133945432978,-3024.196596392434,,,,965.0,50.514
822,1,822,-945.133945432978,-3023.196596392434,,,,964.0,50.504
823,1,823,-944.133945432978,-3022.196596392434,,,,964.0,50.496
824,1,824,-943.133945432978,-3021.196596392434,,,,962.0,50.488
825,1,825,-942.133945432978,-3020.196596392434,,,,962.0,50.478
826,1,826,-941.133945432978,-3019.196596392434,,,,963.0,50.469
827,1,827,-940.133945432978,-3018.196596392434,,,,964.0,50.462
828,1,828,-939.133945432978,-3017.196596392434,,,,964.0,50.453
829,1,829,-938.133945432978,-3016.196596392434,,,,965.0,50.446
830,1,830,-937.133945432978,-3015.196596392434,,,,964.0,50.436
831,1,831,-936.133945432978,-3014.196596392434,,,,964.0,50.428
832,1,832,-935.133945432978,-3013.196596392434,,,,966.0,50.42
833,1,833,-934.133945432978,-3012.196596392434,,,,967.0,50.414
834,1,834,-933.133945432978,-3011.196596392434,,,,968.0,50.412
851,1,851,-916.133945432978,-2994.196596392434,,,,975.0,50.407
852,1,852,-915.133945432978,-2993.196596392434,,,,975.0,50.404
853,1,853,-914.133945432978,-2992.196596392434,,,,973.0,50.402
870,1,870,-897.133945432978,-2975.196596392434,,,,978.0,50.393
871,1,871,-896.133945432978,-2974.196596392434,,,,978.0,50.387
872,1,872,-895.133945432978,-2973.196596392434,,,,979.0,50.381
873,1,873,-894.133945432978,-2972.196596392434,,,,979.0,50.378
874,1,874,-893.133945432978,-2971.196596392434,,,,978.0,50.374
876,1,876,-891.133945432978,-2969.196596392434,,,,977.0,50.373
893,1,893,-874.133945432978,-2952.196596392434,,,,957.0,50.365
894,1,894,-873.133945432978,-2951.196596392434,,,,957.0,50.355
895,1,895,-872.133945432978,-2950.196596392434,,,,956.0,50.344
896,1,896,-871.133945432978,-2949.196596392434,,,,956.0,50.335
897,1,897,-870.133945432978,-2948.196596392434,,,,957.0,50.325
898,1,898,-869.133945432978,-2947.196596392434,,,,958.0,50.315
899,1,899,-868.133945432978,-2946.196596392434,,,,960.0,50.306
900,1,900,-867.133945432978,-2945.196596392434,,,,960.0,50.299
901,1,901,-866.133945432978,-2944.196596392434,,,,960.0,50.292
902,1,902,-865.133945432978,-2943.196596392434,,,,960.0,50.285
903,1,903,-864.133945432978,-2942.196596392434,,,,960.0,50.277
904,1,904,-863.133945432978,-2941.196596392434,,,,960.0,50.272
905,1,905,-862.133945432978,-2940.196596392434,,,,959.0,50.265
906,1,906,-861.133945432978,-2939.196596392434,,,,959.0,50.257
907,1,907,-860.133945432978,-2938.196596392434,,,,960.0,50.252
908,1,908,-859.133945432978,-2937.196596392434,,,,960.0,50.246
909,1,909,-858.133945432978,-2936.196596392434,,,,961.0,50.245
928,1,928,-839.133945432978,-2917.196596392434,,,,965.0,50.237
929,1,929,-838.133945432978,-2916.196596392434,,,,967.0,50.23
930,1,930,-837.133945432978,-2915.196596392434,,,,968.0,50.223
931,1,931,-836.133945432978,-2914.196596392434,,,,970.0,50.219
932,1,932,-835.133945432978,-2913.196596392434,,,,969.0,50.213
933,1,933,-834.133945432978,-2912.196596392434,,,,970.0,50.209
968,1,968,-799.133945432978,-2877.196596392434,,,,995.0,50.208
969,1,969,-798.133945432978,-2876.196596392434,,,,996.0,50.206
970,1,970,-797.133945432978,-2875.196596392434,,,,996.0,50.205
995,1,995,-772.133945432978,-2850.196596392434,,,,996.0,50.203
996,1,996,-771.133945432978,-2849.196596392434,,,,996.0,50.201
997,1,997,-770.133945432978,-2848.196596392434,,,,995.0,50.2
998,1,998,-769.133945432978,-2847.196596392434,,,,994.0,50.199
1017,1,1017,-750.133945432978,-2828.196596392434,,,,1004.0,50.192
1018,1,1018,-749.133945432978,-2827.196596392434,,,,1005.0,50.187
1019,1,1019,-748.133945432978,-2826.196596392434,,,,1004.0,50.185
1020,1,1020,-747.133945432978,-2825.196596392434,,,,1007.0,50.184
1021,1,1021,-746.133945432978,-2824.196596392434,,,,1009.0,50.183
1046,1,1046,-721.133945432978,-2799.196596392434,,,,1009.0,50.175
1047,1,1047,-720.133945432978,-2798.196596392434,,,,1010.0,50.168
1048,1,1048,-719.133945432978,-2797.196596392434,,,,1010.0,50.161
1049,1,1049,-718.133945432978,-2796.196596392434,,,,1008.0,50.154
1050,1,1050,-717.133945432978,-2795.196596392434,,,,1008.0,50.145
1051,1,1051,-716.133945432978,-2794.196596392434,,,,1003.0,50.134
1052,1,1052,-715.133945432978,-2793.196596392434,,,,1003.0,50.124
1053,1,1053,-714.133945432978,-2792.196596392434,,,,1003.0,50.115
1054,1,1054,-713.133945432978,-2791.196596392434,,,,1004.0,50.107
1055,1,1055,-712.133945432978,-2790.196596392434,,,,1005.0,50.099
1056,1,1056,-711.133945432978,-2789.196596392434,,,,1004.0,50.091
1057,1,1057,-710.133945432978,-2788.196596392434,,,,1003.0,50.082
1058,1,1058,-709.133945432978,-2787.196596392434,,,,1002.0,50.074
1059,1,1059,-708.133945432978,-2786.196596392434,,,,1005.0,50.065
1060,1,1060,-707.133945432978,-2785.196596392434,,,,1004.0,50.059
1061,1,1061,-706.133945432978,-2784.196596392434,,,,1006.0,50.053
1062,1,1062,-705.133945432978,-2783.196596392434,,,,1007.0,50.046
1063,1,1063,-704.133945432978,-2782.196596392434,,,,1007.0,50.038
1064,1,1064,-703.133945432978,-2781.196596392434,,,,1005.0,50.031
1065,1,1065,-702.133945432978,-2780.196596392434,,,,1004.0,50.024
1066,1,1066,-701.133945432978,-2779.196596392434,,,,1005.0,50.015
1067,1,1067,-700.133945432978,-2778.196596392434,,,,1004.0,50.007
1068,1,1068,-699.133945432978,-2777.196596392434,,,,1004.0,49.998
1069,1,1069,-698.133945432978,-2776.196596392434,,,,1004.0,49.989
1070,1,1070,-697.133945432978,-2775.196596392434,,,,1006.0,49.981
1071,1,1071,-696.133945432978,-2774.196596392434,,,,1006.0,49.974
1072,1,1072,-695.133945432978,-2773.196596392434,,,,1007.0,49.967
1073,1,1073,-694.133945432978,-2772.196596392434,,,,1007.0,49.957
1074,1,1074,-693.133945432978,-2771.196596392434,,,,1006.0,49.948
1075,1,1075,-692.133945432978,-2770.196596392434,,,,1006.0,49.937
1076,1,1076,-691.133945432978,-2769.196596392434,,,,1006.0,49.929
1077,1,1077,-690.133945432978,-2768.196596392434,,,,1007.0,49.92
1078,1,1078,-689.133945432978,-2767.196596392434,,,,1006.0,49.912
1079,1,1079,-688.133945432978,-2766.196596392434,,,,1006.0,49.904
1080,1,1080,-687.133945432978,-2765.196596392434,,,,1006.0,49.896
1081,1,1081,-686.133945432978,-2764.196596392434,,,,1005.0,49.887
1082,1,1082,-685.133945432978,-2763.196596392434,,,,1005.0,49.878
1083,1,1083,-684.133945432978,-2762.196596392434,,,,1004.0,49.87
1084,1,1084,-683.133945432978,-2761.196596392434,,,,1004.0,49.86
1085,1,1085,-682.133945432978,-2760.196596392434,,,,1004.0,49.853
1086,1,1086,-681.133945432978,-2759.196596392434,,,,1004.0,49.844
1087,1,1087,-680.133945432978,-2758.196596392434,,,,1004.0,49.835
1088,1,1088,-679.133945432978,-2757.196596392434,,,,1003.0,49.827
1089,1,1089,-678.133945432978,-2756.196596392434,,,,1002.0,49.819
1090,1,1090,-677.133945432978,-2755.196596392434,,,,1001.0,49.809
1091,1,1091,-676.133945432978,-2754.196596392434,,,,1000.0,49.801
1092,1,1092,-675.133945432978,-2753.196596392434,,,,1000.0,49.792
1093,1,1093,-674.133945432978,-2752.196596392434,,,,1000.0,49.785
1094,1,1094,-673.133945432978,-2751.196596392434,,,,999.0,49.777
1095,1,1095,-672.133945432978,-2750.196596392434,,,,999.0,49.768
1096,1,1096,-671.133945432978,-2749.196596392434,,,,998.0,49.758
1097,1,1097,-670.133945432978,-2748.196596392434,,,,998.0,49.746
1098,1,1098,-669.133945432978,-2747.196596392434,,,,996.0,49.732
1099,1,1099,-668.133945432978,-2746.196596392434,,,,997.0,49.719
1100,1,1100,-667.133945432978,-2745.196596392434,,,,998.0,49.708
1101,1,1101,-666.133945432978,-2744.196596392434,,,,999.0,49.699
1102,1,1102,-665.133945432978,-2743.196596392434,,,,1002.0,49.692
1103,1,1103,-664.133945432978,-2742.196596392434,,,,1003.0,49.685
1104,1,1104,-663.133945432978,-2741.196596392434,,,,1002.0,49.677
1105,1,1105,-662.133945432978,-2740.196596392434,,,,999.0,49.668
1106,1,1106,-661.133945432978,-2739.196596392434,,,,997.0,49.656
1107,1,1107,-660.133945432978,-2738.196596392434,,,,995.0,49.645
1108,1,1108,-659.133945432978,-2737.196596392434,,,,996.0,49.636
1109,1,1109,-658.133945432978,-2736.196596392434,,,,996.0,49.626
1110,1,1110,-657.133945432978,-2735.196596392434,,,,997.0,49.615
1111,1,1111,-656.133945432978,-2734.196596392434,,,,996.0,49.606
1112,1,1112,-655.133945432978,-2733.196596392434,,,,996.0,49.595
1113,1,1113,-654.133945432978,-2732.196596392434,,,,998.0,49.585
1114,1,1114,-653.133945432978,-2731.196596392434,,,,999.0,49.576
1115,1,1115,-652.133945432978,-2730.196596392434,,,,1001.0,49.567
1116,1,1116,-651.133945432978,-2729.196596392434,,,,1004.0,49.559
1117,1,1117,-650.133945432978,-2728.196596392434,,,,1008.0,49.551
1118,1,1118,-649.133945432978,-2727.196596392434,,,,1008.0,49.545
1119,1,1119,-648.133945432978,-2726.196596392434,,,,1010.0,49.536
1120,1,1120,-647.133945432978,-2725.196596392434,,,,1010.0,49.53
1121,1,1121,-646.133945432978,-2724.196596392434,,,,1010.0,49.528
1356,1,1356,-411.133945432978,-2489.196596392434,,,,1229.0,49.526
1381,1,1381,-386.133945432978,-2464.196596392434,,,,1244.0,49.524
1382,1,1382,-385.133945432978,-2463.196596392434,,,,1245.0,49.518
1383,1,1383,-384.133945432978,-2462.196596392434,,,,1246.0,49.514
1384,1,1384,-383.133945432978,-2461.196596392434,,,,1247.0,49.509
1385,1,1385,-382.133945432978,-2460.196596392434,,,,1248.0,49.505
1386,1,1386,-381.133945432978,-2459.196596392434,,,,1249.0,49.504
1868,2,75,100.866054567022,-1977.196596392434,,,,1254.0,49.495
1869,2,76,101.866054567022,-1976.196596392434,,,,1252.0,49.485
1870,2,77,102.866054567022,-1975.196596392434,,,,1250.0,49.473
1871,2,78,103.866054567022,-1974.196596392434,,,,1248.0,49.461
1872,2,79,104.866054567022,-1973.196596392434,,,,1247.0,49.45
1873,2,80,105.866054567022,-1972.196596392434,,,,1245.0,49.438
1874,2,81,106.866054567022,-1971.196596392434,,,,1245.0,49.427
1875,2,82,107.866054567022,-1970.196596392434,,,,1244.0,49.416
1876,2,83,108.866054567022,-1969.196596392434,,,,1242.0,49.404
1877,2,84,109.866054567022,-1968.196596392434,,,,1242.0,49.395
1878,2,85,110.866054567022,-1967.196596392434,,,,1243.0,49.383
1879,2,86,111.866054567022,-1966.196596392434,,,,1243.0,49.374
1880,2,87,112.866054567022,-1965.196596392434,,,,1244.0,49.366
1881,2,88,113.866054567022,-1964.196596392434,,,,1244.0,49.358
1882,2,89,114.866054567022,-1963.196596392434,,,,1243.0,49.352
1883,2,90,115.866054567022,-1962.196596392434,,,,1243.0,49.346
1884,2,91,116.866054567022,-1961.196596392434,,,,1241.0,49.339
1885,2,92,117.866054567022,-1960.196596392434,,,,1238.0,49.329
1886,2,93,118.866054567022,-1959.196596392434,,,,1235.0,49.32
1887,2,94,119.866054567022,-1958.196596392434,,,,1233.0,49.308
1888,2,95,120.866054567022,-1957.196596392434,,,,1229.0,49.296
1889,2,96,121.866054567022,-1956.196596392434,,,,1228.0,49.285
1890,2,97,122.866054567022,-1955.196596392434,,,,1226.0,49.274
1891,2,98,123.866054567022,-1954.196596392434,,,,1225.0,49.262
1892,2,99,124.866054567022,-1953.196596392434,,,,1224.0,49.253
1893,2,100,125.866054567022,-1952.196596392434,,,,1223.0,49.243
1894,2,101,126.866054567022,-1951.196596392434,,,,1222.0,49.233
1895,2,102,127.866054567022,-1950.196596392434,,,,1221.0,49.223
1896,2,103,128.866054567022,-1949.196596392434,,,,1220.0,49.212
1897,2,104,129.866054567022,-1948.196596392434,,,,1219.0,49.202
1898,2,105,130.866054567022,-1947.196596392434,,,,1217.0,49.193
1899,2,106,131.866054567022,-1946.196596392434,,,,1215.0,49.181
1900,2,107,132.866054567022,-1945.196596392434,,,,1214.0,49.171
1901,2,108,133.866054567022,-1944.196596392434,,,,1214.0,49.16
1902,2,109,134.866054567022,-1943.196596392434,,,,1212.0,49.151
1903,2,110,135.866054567022,-1942.196596392434,,,,1212.0,49.142
1904,2,111,136.866054567022,-1941.196596392434,,,,1212.0,49.131
1905,2,112,137.866054567022,-1940.196596392434,,,,1212.0,49.121
1906,2,113,138.866054567022,-1939.196596392434,,,,1211.0,49.109
1907,2,114,139.866054567022,-1938.196596392434,,,,1211.0,49.097
1908,2,115,140.866054567022,-1937.196596392434,,,,1211.0,49.085
1909,2,116,141.866054567022,-1936.196596392434,,,,1213.0,49.074
1910,2,117,142.866054567022,-1935.196596392434,,,,1216.0,49.064
1911,2,118,143.866054567022,-1934.196596392434,,,,1219.0,49.055
1912,2,119,144.866054567022,-1933.196596392434,,,,1222.0,49.05
1913,2,120,145.866054567022,-1932.196596392434,,,,1224.0,49.045
1914,2,121,146.866054567022,-1931.196596392434,,,,1226.0,49.039
1915,2,122,147.866054567022,-1930.196596392434,,,,1228.0,49.031
1916,2,123,148.866054567022,-1929.196596392434,,,,1231.0,49.024
1917,2,124,149.866054567022,-1928.196596392434,,,,1233.0,49.019
2044,2,251,276.866054567022,-1801.196596392434,,,,1331.0,49.012
2045,2,252,277.866054567022,-1800.196596392434,,,,1329.0,49.003
2046,2,253,278.866054567022,-1799.196596392434,,,,1327.0,48.995
2047,2,254,279.866054567022,-1798.196596392434,,,,1325.0,48.987
2048,2,255,280.866054567022,-1797.196596392434,,,,1325.0,48.979
2049,2,256,281.866054567022,-1796.196596392434,,,,1324.0,48.973
2050,2,257,282.866054567022,-1795.196596392434,,,,1324.0,48.967
2051,2,258,283.866054567022,-1794.196596392434,,,,1323.0,48.962
2052,2,259,284.866054567022,-1793.196596392434,,,,1323.0,48.957
2053,2,260,285.866054567022,-1792.196596392434,,,,1323.0,48.951
2054,2,261,286.866054567022,-1791.196596392434,,,,1323.0,48.944
2055,2,262,287.866054567022,-1790.196596392434,,,,1323.0,48.937
2056,2,263,288.866054567022,-1789.196596392434,,,,1322.0,48.929
2057,2,264,289.866054567022,-1788.196596392434,,,,1323.0,48.921
2058,2,265,290.866054567022,-1787.196596392434,,,,1323.0,48.913
2059,2,266,291.866054567022,-1786.196596392434,,,,1323.0,48.907
2060,2,267,292.866054567022,-1785.196596392434,,,,1323.0,48.899
2061,2,268,293.866054567022,-1784.196596392434,,,,1321.0,48.89
2062,2,269,294.866054567022,-1783.196596392434,,,,1322.0,48.881
2063,2,270,295.866054567022,-1782.196596392434,,,,1322.0,48.872
2064,2,271,296.866054567022,-1781.196596392434,,,,1324.0,48.864
2065,2,272,297.866054567022,-1780.196596392434,,,,1324.0,48.856
2066,2,273,298.866054567022,-1779.196596392434,,,,1324.0,48.85
2067,2,274,299.866054567022,-1778.196596392434,,,,1323.0,48.841
2068,2,275,300.866054567022,-1777.196596392434,,,,1322.0,48.831
2069,2,276,301.866054567022,-1776.196596392434,,,,1321.0,48.82
2070,2,277,302.866054567022,-1775.196596392434,,,,1321.0,48.81
2071,2,278,303.866054567022,-1774.196596392434,,,,1321.0,48.802
2072,2,279,304.866054567022,-1773.196596392434,,,,1321.0,48.793
2073,2,280,305.866054567022,-1772.196596392434,,,,1320.0,48.784
2074,2,281,306.866054567022,-1771.196596392434,,,,1320.0,48.775
2075,2,282,307.866054567022,-1770.196596392434,,,,1319.0,48.766
2076,2,283,308.866054567022,-1769.196596392434,,,,1317.0,48.756
2077,2,284,309.866054567022,-1768.196596392434,,,,1317.0,48.745
2078,2,285,310.866054567022,-1767.196596392434,,,,1316.0,48.735
2079,2,286,311.866054567022,-1766.196596392434,,,,1316.0,48.724
2080,2,287,312.866054567022,-1765.196596392434,,,,1316.0,48.715
2081,2,288,313.866054567022,-1764.196596392434,,,,1315.0,48.705
2082,2,289,314.866054567022,-1763.196596392434,,,,1315.0,48.696
2083,2,290,315.866054567022,-1762.196596392434,,,,1315.0,48.685
2084,2,291,316.866054567022,-1761.196596392434,,,,1315.0,48.676
2085,2,292,317.866054567022,-1760.196596392434,,,,1316.0,48.663
2086,2,293,318.866054567022,-1759.196596392434,,,,1315.0,48.651
2087,2,294,319.866054567022,-1758.196596392434,,,,1315.0,48.639
2088,2,295,320.866054567022,-1757.196596392434,,,,1317.0,48.626
2089,2,296,321.866054567022,-1756.196596392434,,,,1319.0,48.616
2090,2,297,322.866054567022,-1755.196596392434,,,,1321.0,48.608
2091,2,298,323.866054567022,-1754.196596392434,,,,1324.0,48.601
2092,2,299,324.866054567022,-1753.196596392434,,,,1324.0,48.594
2093,2,300,325.866054567022,-1752.196596392434,,,,1325.0,48.588
2094,2,301,326.866054567022,-1751.196596392434,,,,1326.0,48.581
2095,2,302,327.866054567022,-1750.196596392434,,,,1326.0,48.576
2096,2,303,328.866054567022,-1749.196596392434,,,,1327.0,48.572
2233,2,440,465.866054567022,-1612.196596392434,,,,1342.0,48.566
2234,2,441,466.866054567022,-1611.196596392434,,,,1342.0,48.558
2235,2,442,467.866054567022,-1610.196596392434,,,,1346.0,48.55
2236,2,443,468.866054567022,-1609.196596392434,,,,1349.0,48.544
2237,2,444,469.866054567022,-1608.196596392434,,,,1353.0,48.538
2238,2,445,470.866054567022,-1607.196596392434,,,,1355.0,48.533
2239,2,446,471.866054567022,-1606.196596392434,,,,1357.0,48.53
2240,2,447,472.866054567022,-1605.196596392434,,,,1359.0,48.529
2516,2,723,748.866054567022,-1329.196596392434,,,,1488.0,48.519
2517,2,724,749.866054567022,-1328.196596392434,,,,1491.0,48.507
2518,2,725,750.866054567022,-1327.196596392434,,,,1494.0,48.497
2519,2,726,751.866054567022,-1326.196596392434,,,,1496.0,48.487
2520,2,727,752.866054567022,-1325.196596392434,,,,1499.0,48.479
2521,2,728,753.866054567022,-1324.196596392434,,,,1500.0,48.471
2522,2,729,754.866054567022,-1323.196596392434,,,,1499.0,48.462
2523,2,730,755.866054567022,-1322.196596392434,,,,1501.0,48.451
2524,2,731,756.866054567022,-1321.196596392434,,,,1501.0,48.441
2525,2,732,757.866054567022,-1320.196596392434,,,,1500.0,48.429
2526,2,733,758.866054567022,-1319.196596392434,,,,1500.0,48.417
2527,2,734,759.866054567022,-1318.196596392434,,,,1499.0,48.407
2528,2,735,760.866054567022,-1317.196596392434,,,,1498.0,48.395
2529,2,736,761.866054567022,-1316.196596392434,,,,1497.0,48.385
2530,2,737,762.866054567022,-1315.196596392434,,,,1496.0,48.372
2531,2,738,763.866054567022,-1314.196596392434,,,,1496.0,48.36
2532,2,739,764.866054567022,-1313.196596392434,,,,1497.0,48.347
2533,2,740,765.866054567022,-1312.196596392434,,,,1498.0,48.334
2534,2,741,766.866054567022,-1311.196596392434,,,,1500.0,48.323
2535,2,742,767.866054567022,-1310.196596392434,,,,1501.0,48.313
2536,2,743,768.866054567022,-1309.196596392434,,,,1502.0,48.303
2537,2,744,769.866054567022,-1308.196596392434,,,,1502.0,48.294
2538,2,745,770.866054567022,-1307.196596392434,,,,1502.0,48.283
2539,2,746,771.866054567022,-1306.196596392434,,,,1501.0,48.271
2540,2,747,772.866054567022,-1305.196596392434,,,,1501.0,48.257
2541,2,748,773.866054567022,-1304.196596392434,,,,1503.0,48.244
2542,2,749,774.866054567022,-1303.196596392434,,,,1504.0,48.232
2543,2,750,775.866054567022,-1302.196596392434,,,,1505.0,48.221
2544,2,751,776.866054567022,-1301.196596392434,,,,1507.0,48.209
2545,2,752,777.866054567022,-1300.196596392434,,,,1507.0,48.198
2546,2,753,778.866054567022,-1299.196596392434,,,,1507.0,48.187
2547,2,754,779.866054567022,-1298.196596392434,,,,1507.0,48.176
2548,2,755,780.866054567022,-1297.196596392434,,,,1506.0,48.163
2549,2,756,781.866054567022,-1296.196596392434,,,,1505.0,48.152
2550,2,757,782.866054567022,-1295.196596392434,,,,1504.0,48.139
2551,2,758,783.866054567022,-1294.196596392434,,,,1503.0,48.126
2552,2,759,784.866054567022,-1293.196596392434,,,,1502.0,48.114
2553,2,760,785.866054567022,-1292.196596392434,,,,1501.0,48.102
2554,2,761,786.866054567022,-1291.196596392434,,,,1501.0,48.092
2555,2,762,787.866054567022,-1290.196596392434,,,,1502.0,48.083
2556,2,763,788.866054567022,-1289.196596392434,,,,1502.0,48.074
2557,2,764,789.866054567022,-1288.196596392434,,,,1501.0,48.066
2558,2,765,790.866054567022,-1287.196596392434,,,,1499.0,48.057
2559,2,766,791.866054567022,-1286.196596392434,,,,1499.0,48.046
2560,2,767,792.866054567022,-1285.196596392434,,,,1498.0,48.035
2561,2,768,793.866054567022,-1284.196596392434,,,,1497.0,48.023
2562,2,769,794.866054567022,-1283.196596392434,,,,1496.0,48.011
2563,2,770,795.866054567022,-1282.196596392434,,,,1496.0,47.999
2564,2,771,796.866054567022,-1281.196596392434,,,,1495.0,47.988
2565,2,772,797.866054567022,-1280.196596392434,,,,1494.0,47.977
2566,2,773,798.866054567022,-1279.196596392434,,,,1493.0,47.965
2567,2,774,799.866054567022,-1278.196596392434,,,,1491.0,47.954
2568,2,775,800.866054567022,-1277.196596392434,,,,1491.0,47.942
2569,2,776,801.866054567022,-1276.196596392434,,,,1490.0,47.929
2570,2,777,802.866054567022,-1275.196596392434,,,,1489.0,47.915
2571,2,778,803.866054567022,-1274.196596392434,,,,1490.0,47.902
2572,2,779,804.866054567022,-1273.196596392434,,,,1490.0,47.888
2573,2,780,805.866054567022,-1272.196596392434,,,,1492.0,47.876
2574,2,781,806.866054567022,-1271.196596392434,,,,1493.0,47.864
2575,2,782,807.866054567022,-1270.196596392434,,,,1493.0,47.852
2576,2,783,808.866054567022,-1269.196596392434,,,,1494.0,47.84
2577,2,784,809.866054567022,-1268.196596392434,,,,1492.0,47.827
2578,2,785,810.866054567022,-1267.196596392434,,,,1493.0,47.815
2579,2,786,811.866054567022,-1266.196596392434,,,,1493.0,47.8
2580,2,787,812.866054567022,-1265.196596392434,,,,1492.0,47.789
2581,2,788,813.866054567022,-1264.196596392434,,,,1492.0,47.777
2582,2,789,814.866054567022,-1263.196596392434,,,,1492.0,47.766
2583,2,790,815.866054567022,-1262.196596392434,,,,1492.0,47.755
2584,2,791,816.866054567022,-1261.196596392434,,,,1491.0,47.744
2585,2,792,817.866054567022,-1260.196596392434,,,,1490.0,47.734
2586,2,793,818.866054567022,-1259.196596392434,,,,1489.0,47.722
2587,2,794,819.866054567022,-1258.196596392434,,,,1488.0,47.711
2588,2,795,820.866054567022,-1257.196596392434,,,,1488.0,47.698
2589,2,796,821.866054567022,-1256.196596392434,,,,1489.0,47.685
2590,2,797,822.866054567022,-1255.196596392434,,,,1488.0,47.674
2591,2,798,823.866054567022,-1254.196596392434,,,,1488.0,47.665
2592,2,799,824.866054567022,-1253.196596392434,,,,1489.0,47.655
2593,2,800,825.866054567022,-1252.196596392434,,,,1489.0,47.645
2594,2,801,826.866054567022,-1251.196596392434,,,,1488.0,47.635
2595,2,802,827.866054567022,-1250.196596392434,,,,1487.0,47.627
2596,2,803,828.866054567022,-1249.196596392434,,,,1487.0,47.617
2597,2,804,829.866054567022,-1248.196596392434,,,,1485.0,47.607
2598,2,805,830.866054567022,-1247.196596392434,,,,1484.0,47.597
2599,2,806,831.866054567022,-1246.196596392434,,,,1482.0,47.585
2600,2,807,832.866054567022,-1245.196596392434,,,,1482.0,47.575
2601,2,808,833.866054567022,-1244.196596392434,,,,1480.0,47.564
2602,2,809,834.866054567022,-1243.196596392434,,,,1479.0,47.553
2603,2,810,835.866054567022,-1242.196596392434,,,,1477.0,47.543
2604,2,811,836.866054567022,-1241.196596392434,,,,1476.0,47.532
2605,2,812,837.866054567022,-1240.196596392434,,,,1475.0,47.52
2606,2,813,838.866054567022,-1239.196596392434,,,,1473.0,47.51
2607,2,814,839.866054567022,-1238.196596392434,,,,1472.0,47.499
2608,2,815,840.866054567022,-1237.196596392434,,,,1471.0,47.488
2609,2,816,841.866054567022,-1236.196596392434,,,,1470.0,47.478
2610,2,817,842.866054567022,-1235.196596392434,,,,1469.0,47.468
2611,2,818,843.866054567022,-1234.196596392434,,,,1466.0,47.459
2612,2,819,844.866054567022,-1233.196596392434,,,,1466.0,47.449
2613,2,820,845.866054567022,-1232.196596392434,,,,1464.0,47.44
2614,2,821,846.866054567022,-1231.196596392434,,,,1462.0,47.43
2615,2,822,847.866054567022,-1230.196596392434,,,,1462.0,47.42
2616,2,823,848.866054567022,-1229.196596392434,,,,1461.0,47.41
2617,2,824,849.866054567022,-1228.196596392434,,,,1461.0,47.4
2618,2,825,850.866054567022,-1227.196596392434,,,,1461.0,47.391
2619,2,826,851.866054567022,-1226.196596392434,,,,1462.0,47.381
2620,2,827,852.866054567022,-1225.196596392434,,,,1462.0,47.37
2621,2,828,853.866054567022,-1224.196596392434,,,,1463.0,47.361
2622,2,829,854.866054567022,-1223.196596392434,,,,1465.0,47.351
2623,2,830,855.866054567022,-1222.196596392434,,,,1466.0,47.34
2624,2,831,856.866054567022,-1221.196596392434,,,,1467.0,47.329
2625,2,832,857.866054567022,-1220.196596392434,,,,1468.0,47.319
2626,2,833,858.866054567022,-1219.196596392434,,,,1468.0,47.307
2627,2,834,859.866054567022,-1218.196596392434,,,,1469.0,47.295
2628,2,835,860.866054567022,-1217.196596392434,,,,1468.0,47.284
2629,2,836,861.866054567022,-1216.196596392434,,,,1467.0,47.273
2630,2,837,862.866054567022,-1215.196596392434,,,,1466.0,47.265
2631,2,838,863.866054567022,-1214.196596392434,,,,1464.0,47.254
2632,2,839,864.866054567022,-1213.196596392434,,,,1464.0,47.245
2633,2,840,865.866054567022,-1212.196596392434,,,,1463.0,47.236
2634,2,841,866.866054567022,-1211.196596392434,,,,1462.0,47.226
2635,2,842,867.866054567022,-1210.196596392434,,,,1463.0,47.217
2636,2,843,868.866054567022,-1209.196596392434,,,,1463.0,47.208
2637,2,844,869.866054567022,-1208.196596392434,,,,1463.0,47.198
2638,2,845,870.866054567022,-1207.196596392434,,,,1463.0,47.187
2639,2,846,871.866054567022,-1206.196596392434,,,,1464.0,47.177
2640,2,847,872.866054567022,-1205.196596392434,,,,1464.0,47.167
2641,2,848,873.866054567022,-1204.196596392434,,,,1465.0,47.16
2642,2,849,874.866054567022,-1203.196596392434,,,,1466.0,47.152
2643,2,850,875.866054567022,-1202.196596392434,,,,1465.0,47.145
2644,2,851,876.866054567022,-1201.196596392434,,,,1466.0,47.137
2645,2,852,877.866054567022,-1200.196596392434,,,,1467.0,47.128
2646,2,853,878.866054567022,-1199.196596392434,,,,1467.0,47.118
2647,2,854,879.866054567022,-1198.196596392434,,,,1468.0,47.109
2648,2,855,880.866054567022,-1197.196596392434,,,,1469.0,47.099
2649,2,856,881.866054567022,-1196.196596392434,,,,1469.0,47.089
2650,2,857,882.866054567022,-1195.196596392434,,,,1470.0,47.078
2651,2,858,883.866054567022,-1194.196596392434,,,,1470.0,47.068
2652,2,859,884.866054567022,-1193.196596392434,,,,1471.0,47.057
2653,2,860,885.866054567022,-1192.196596392434,,,,1472.0,47.044
2654,2,861,886.866054567022,-1191.196596392434,,,,1471.0,47.032
2655,2,862,887.866054567022,-1190.196596392434,,,,1471.0,47.019
2656,2,863,888.866054567022,-1189.196596392434,,,,1471.0,47.006
2657,2,864,889.866054567022,-1188.196596392434,,,,1470.0,46.994
2658,2,865,890.866054567022,-1187.196596392434,,,,1470.0,46.983
2659,2,866,891.866054567022,-1186.196596392434,,,,1470.0,46.972
2660,2,867,892.866054567022,-1185.196596392434,,,,1469.0,46.962
2661,2,868,893.866054567022,-1184.196596392434,,,,1468.0,46.952
2662,2,869,894.866054567022,-1183.196596392434,,,,1467.0,46.942
2663,2,870,895.866054567022,-1182.196596392434,,,,1465.0,46.932
2664,2,871,896.866054567022,-1181.196596392434,,,,1464.0,46.92
2665,2,872,897.866054567022,-1180.196596392434,,,,1462.0,46.91
2666,2,873,898.866054567022,-1179.196596392434,,,,1459.0,46.899
2667,2,874,899.866054567022,-1178.196596392434,,,,1458.0,46.887
2668,2,875,900.866054567022,-1177.196596392434,,,,1457.0,46.877
2669,2,876,901.866054567022,-1176.196596392434,,,,1456.0,46.866
2670,2,877,902.866054567022,-1175.196596392434,,,,1455.0,46.856
2671,2,878,903.866054567022,-1174.196596392434,,,,1454.0,46.849
2672,2,879,904.866054567022,-1173.196596392434,,,,1453.0,46.841
2673,2,880,905.866054567022,-1172.196596392434,,,,1453.0,46.832
2674,2,881,906.866054567022,-1171.196596392434,,,,1452.0,46.824
2675,2,882,907.866054567022,-1170.196596392434,,,,1451.0,46.814
2676,2,883,908.866054567022,-1169.196596392434,,,,1449.0,46.803
2677,2,884,909.866054567022,-1168.196596392434,,,,1448.0,46.791
2678,2,885,910.866054567022,-1167.196596392434,,,,1447.0,46.78
2679,2,886,911.866054567022,-1166.196596392434,,,,1445.0,46.768
2680,2,887,912.866054567022,-1165.196596392434,,,,1444.0,46.757
2681,2,888,913.866054567022,-1164.196596392434,,,,1443.0,46.747
2682,2,889,914.866054567022,-1163.196596392434,,,,1441.0,46.737
2683,2,890,915.866054567022,-1162.196596392434,,,,1439.0,46.726
2684,2,891,916.866054567022,-1161.196596392434,,,,1436.0,46.716
2685,2,892,917.866054567022,-1160.196596392434,,,,1434.0,46.706
2686,2,893,918.866054567022,-1159.196596392434,,,,1431.0,46.695
2687,2,894,919.866054567022,-1158.196596392434,,,,1429.0,46.684
2688,2,895,920.866054567022,-1157.196596392434,,,,1427.0,46.673
2689,2,896,921.866054567022,-1156.196596392434,,,,1426.0,46.662
2690,2,897,922.866054567022,-1155.196596392434,,,,1425.0,46.652
2691,2,898,923.866054567022,-1154.196596392434,,,,1424.0,46.641
2692,2,899,924.866054567022,-1153.196596392434,,,,1422.0,46.631
2693,2,900,925.866054567022,-1152.196596392434,,,,1421.0,46.623
2694,2,901,926.866054567022,-1151.196596392434,,,,1419.0,46.614
2695,2,902,927.866054567022,-1150.196596392434,,,,1416.0,46.607
2696,2,903,928.866054567022,-1149.196596392434,,,,1416.0,46.6
2697,2,904,929.866054567022,-1148.196596392434,,,,1414.0,46.593
2698,2,905,930.866054567022,-1147.196596392434,,,,1413.0,46.587
2699,2,906,931.866054567022,-1146.196596392434,,,,1410.0,46.58
2700,2,907,932.866054567022,-1145.196596392434,,,,1406.0,46.574
2701,2,908,933.866054567022,-1144.196596392434,,,,1406.0,46.566
2702,2,909,934.866054567022,-1143.196596392434,,,,1405.0,46.559
2703,2,910,935.866054567022,-1142.196596392434,,,,1404.0,46.553
2704,2,911,936.866054567022,-1141.196596392434,,,,1404.0,46.546
2705,2,912,937.866054567022,-1140.196596392434,,,,1405.0,46.54
2706,2,913,938.866054567022,-1139.196596392434,,,,1405.0,46.532
2707,2,914,939.866054567022,-1138.196596392434,,,,1408.0,46.527
2708,2,915,940.866054567022,-1137.196596392434,,,,1411.0,46.522
2709,2,916,941.866054567022,-1136.196596392434,,,,1413.0,46.518
2710,2,917,942.866054567022,-1135.196596392434,,,,1414.0,46.517
2733,2,940,965.866054567022,-1112.196596392434,,,,1411.0,46.515
2734,2,941,966.866054567022,-1111.196596392434,,,,1411.0,46.507
2735,2,942,967.866054567022,-1110.196596392434,,,,1411.0,46.499
2736,2,943,968.866054567022,-1109.196596392434,,,,1411.0,46.493
2737,2,944,969.866054567022,-1108.196596392434,,,,1411.0,46.486
2738,2,945,970.866054567022,-1107.196596392434,,,,1411.0,46.48
2739,2,946,971.866054567022,-1106.196596392434,,,,1411.0,46.475
2740,2,947,972.866054567022,-1105.196596392434,,,,1410.0,46.471
2741,2,948,973.866054567022,-1104.196596392434,,,,1411.0,46.469
2742,2,949,974.866054567022,-1103.196596392434,,,,1411.0,46.467
2790,2,997,1022.866054567022,-1055.196596392434,,,,1385.0,46.465
2791,2,998,1023.866054567022,-1054.196596392434,,,,1384.0,46.454
2792,2,999,1024.866054567022,-1053.196596392434,,,,1383.0,46.444
2793,2,1000,1025.866054567022,-1052.196596392434,,,,1384.0,46.436
2794,2,1001,1026.866054567022,-1051.196596392434,,,,1384.0,46.432
3253,2,1460,1485.866054567022,-592.196596392434,,,,1478.0,46.426
3254,2,1461,1486.866054567022,-591.196596392434,,,,1477.0,46.418
3255,2,1462,1487.866054567022,-590.196596392434,,,,1477.0,46.412
3256,2,1463,1488.866054567022,-589.196596392434,,,,1477.0,46.405
3257,2,1464,1489.866054567022,-588.196596392434,,,,1476.0,46.397
3258,2,1465,1490.866054567022,-587.196596392434,,,,1477.0,46.39
3259,2,1466,1491.866054567022,-586.196596392434,,,,1478.0,46.384
3260,2,1467,1492.866054567022,-585.196596392434,,,,1477.0,46.376
3261,2,1468,1493.866054567022,-584.196596392434,,,,1478.0,46.369
3262,2,1469,1494.866054567022,-583.196596392434,,,,1478.0,46.362
3263,2,1470,1495.866054567022,-582.196596392434,,,,1478.0,46.355
3264,2,1471,1496.866054567022,-581.196596392434,,,,1478.0,46.347
3265,2,1472,1497.866054567022,-580.196596392434,,,,1479.0,46.34
3266,2,1473,1498.866054567022,-579.196596392434,,,,1480.0,46.333
3267,2,1474,1499.866054567022,-578.196596392434,,,,1481.0,46.326
3268,2,1475,1500.866054567022,-577.196596392434,,,,1482.0,46.32
3269,2,1476,1501.866054567022,-576.196596392434,,,,1483.0,46.313
3270,2,1477,1502.866054567022,-575.196596392434,,,,1482.0,46.307
3271,2,1478,1503.866054567022,-574.196596392434,,,,1482.0,46.301
3272,2,1479,1504.866054567022,-573.196596392434,,,,1481.0,46.294
3273,2,1480,1505.866054567022,-572.196596392434,,,,1480.0,46.288
3274,2,1481,1506.866054567022,-571.196596392434,,,,1479.0,46.282
3275,2,1482,1507.866054567022,-570.196596392434,,,,1479.0,46.276
3276,2,1483,1508.866054567022,-569.196596392434,,,,1479.0,46.271
3277,2,1484,1509.866054567022,-568.196596392434,,,,1481.0,46.264
3278,2,1485,1510.866054567022,-567.196596392434,,,,1483.0,46.257
3279,2,1486,1511.866054567022,-566.196596392434,,,,1483.0,46.249
3280,2,1487,1512.866054567022,-565.196596392434,,,,1484.0,46.241
3281,2,1488,1513.866054567022,-564.196596392434,,,,1482.0,46.233
3282,2,1489,1514.866054567022,-563.196596392434,,,,1481.0,46.224
3283,2,1490,1515.866054567022,-562.196596392434,,,,1480.0,46.214
3284,2,1491,1516.866054567022,-561.196596392434,,,,1479.0,46.205
3285,2,1492,1517.866054567022,-560.196596392434,,,,1478.0,46.195
3286,2,1493,1518.866054567022,-559.196596392434,,,,1478.0,46.187
3287,2,1494,1519.866054567022,-558.196596392434,,,,1476.0,46.18
3288,2,1495,1520.866054567022,-557.196596392434,,,,1475.0,46.173
3289,2,1496,1521.866054567022,-556.196596392434,,,,1473.0,46.164
3290,2,1497,1522.866054567022,-555.196596392434,,,,1472.0,46.157
3291,2,1498,1523.866054567022,-554.196596392434,,,,1470.0,46.149
3292,2,1499,1524.866054567022,-553.196596392434,,,,1468.0,46.142
3293,2,1500,1525.866054567022,-552.196596392434,,,,1467.0,46.134
3294,2,1501,1526.866054567022,-551.196596392434,,,,1465.0,46.127
3295,2,1502,1527.866054567022,-550.196596392434,,,,1463.0,46.118
3296,2,1503,1528.866054567022,-549.196596392434,,,,1462.0,46.11
3297,2,1504,1529.866054567022,-548.196596392434,,,,1459.0,46.099
3298,2,1505,1530.866054567022,-547.196596392434,,,,1457.0,46.088
3299,2,1506,1531.866054567022,-546.196596392434,,,,1455.0,46.079
3300,2,1507,1532.866054567022,-545.196596392434,,,,1453.0,46.068
3301,2,1508,1533.866054567022,-544.196596392434,,,,1452.0,46.058
3302,2,1509,1534.866054567022,-543.196596392434,,,,1450.0,46.047
3303,2,1510,1535.866054567022,-542.196596392434,,,,1450.0,46.037
3304,2,1511,1536.866054567022,-541.196596392434,,,,1449.0,46.026
3305,2,1512,1537.866054567022,-540.196596392434,,,,1449.0,46.014
3306,2,1513,1538.866054567022,-539.196596392434,,,,1449.0,46.004
3307,2,1514,1539.866054567022,-538.196596392434,,,,1448.0,45.994
3308,2,1515,1540.866054567022,-537.196596392434,,,,1448.0,45.983
3309,2,1516,1541.866054567022,-536.196596392434,,,,1446.0,45.974
3310,2,1517,1542.866054567022,-535.196596392434,,,,1446.0,45.963
3311,2,1518,1543.866054567022,-534.196596392434,,,,1444.0,45.953
3312,2,1519,1544.866054567022,-533.196596392434,,,,1442.0,45.944
3313,2,1520,1545.866054567022,-532.196596392434,,,,1442.0,45.934
3314,2,1521,1546.866054567022,-531.196596392434,,,,1442.0,45.923
3315,2,1522,1547.866054567022,-530.196596392434,,,,1441.0,45.913
3316,2,1523,1548.866054567022,-529.196596392434,,,,1441.0,45.902
3317,2,1524,1549.866054567022,-528.196596392434,,,,1441.0,45.892
3318,2,1525,1550.866054567022,-527.196596392434,,,,1440.0,45.882
3319,2,1526,1551.866054567022,-526.196596392434,,,,1440.0,45.871
3320,2,1527,1552.866054567022,-525.196596392434,,,,1439.0,45.859
3321,2,1528,1553.866054567022,-524.196596392434,,,,1439.0,45.849
3322,2,1529,1554.866054567022,-523.196596392434,,,,1439.0,45.838
3323,2,1530,1555.866054567022,-522.196596392434,,,,1439.0,45.828
3324,2,1531,1556.866054567022,-521.196596392434,,,,1438.0,45.819
3325,2,1532,1557.866054567022,-520.196596392434,,,,1439.0,45.81
3326,2,1533,1558.866054567022,-519.196596392434,,,,1439.0,45.803
3327,2,1534,1559.866054567022,-518.196596392434,,,,1438.0,45.796
3328,2,1535,1560.866054567022,-517.196596392434,,,,1436.0,45.786
3329,2,1536,1561.866054567022,-516.196596392434,,,,1435.0,45.777
3330,2,1537,1562.866054567022,-515.196596392434,,,,1433.0,45.766
3331,2,1538,1563.866054567022,-514.196596392434,,,,1430.0,45.753
3332,2,1539,1564.866054567022,-513.196596392434,,,,1428.0,45.742
3333,2,1540,1565.866054567022,-512.196596392434,,,,1427.0,45.731
3334,2,1541,1566.866054567022,-511.196596392434,,,,1427.0,45.72
3335,2,1542,1567.866054567022,-510.196596392434,,,,1427.0,45.708
3336,2,1543,1568.866054567022,-509.196596392434,,,,1427.0,45.696
3337,2,1544,1569.866054567022,-508.196596392434,,,,1428.0,45.684
3338,2,1545,1570.866054567022,-507.196596392434,,,,1428.0,45.673
3339,2,1546,1571.866054567022,-506.196596392434,,,,1427.0,45.662
3340,2,1547,1572.866054567022,-505.196596392434,,,,1430.0,45.652
3341,2,1548,1573.866054567022,-504.196596392434,,,,1430.0,45.644
3342,2,1549,1574.866054567022,-503.196596392434,,,,1431.0,45.636
3343,2,1550,1575.866054567022,-502.196596392434,,,,1432.0,45.631
3344,2,1551,1576.866054567022,-501.196596392434,,,,1430.0,45.625
3345,2,1552,1577.866054567022,-500.196596392434,,,,1430.0,45.617
3346,2,1553,1578.866054567022,-499.196596392434,,,,1428.0,45.608
3347,2,1554,1579.866054567022,-498.196596392434,,,,1426.0,45.598
3348,2,1555,1580.866054567022,-497.196596392434,,,,1425.0,45.588
3349,2,1556,1581.866054567022,-496.196596392434,,,,1426.0,45.578
3350,2,1557,1582.866054567022,-495.196596392434,,,,1425.0,45.568
3351,2,1558,1583.866054567022,-494.196596392434,,,,1426.0,45.559
3352,2,1559,1584.866054567022,-493.196596392434,,,,1424.0,45.551
3353,2,1560,1585.866054567022,-492.196596392434,,,,1423.0,45.545
3354,2,1561,1586.866054567022,-491.196596392434,,,,1423.0,45.54
3355,2,1562,1587.866054567022,-490.196596392434,,,,1423.0,45.539
4540,2,2747,2772.866054567022,694.803403607566,,,,1378.0,45.531
4541,2,2748,2773.866054567022,695.803403607566,,,,1375.0,45.523
4542,2,2749,2774.866054567022,696.803403607566,,,,1372.0,45.515
4543,2,2750,2775.866054567022,697.803403607566,,,,1373.0,45.509
4544,2,2751,2776.866054567022,698.803403607566,,,,1374.0,45.503
4545,2,2752,2777.866054567022,699.803403607566,,,,1375.0,45.496
4546,2,2753,2778.866054567022,700.803403607566,,,,1374.0,45.491
4547,2,2754,2779.866054567022,701.803403607566,,,,1374.0,45.486
4548,2,2755,2780.866054567022,702.803403607566,,,,1374.0,45.48
4549,2,2756,2781.866054567022,703.803403607566,,,,1372.0,45.474
4550,2,2757,2782.866054567022,704.803403607566,,,,1369.0,45.467
4551,2,2758,2783.866054567022,705.803403607566,,,,1370.0,45.46
4552,2,2759,2784.866054567022,706.803403607566,,,,1370.0,45.453
4553,2,2760,2785.866054567022,707.803403607566,,,,1373.0,45.448
4554,2,2761,2786.866054567022,708.803403607566,,,,1373.0,45.442
4555,2,2762,2787.866054567022,709.803403607566,,,,1375.0,45.437
4556,2,2763,2788.866054567022,710.803403607566,,,,1373.0,45.431
4557,2,2764,2789.866054567022,711.803403607566,,,,1374.0,45.424
4558,2,2765,2790.866054567022,712.803403607566,,,,1374.0,45.418
4559,2,2766,2791.866054567022,713.803403607566,,,,1373.0,45.412
4560,2,2767,2792.866054567022,714.803403607566,,,,1374.0,45.404
4561,2,2768,2793.866054567022,715.803403607566,,,,1374.0,45.398
4562,2,2769,2794.866054567022,716.803403607566,,,,1373.0,45.392
4563,2,2770,2795.866054567022,717.803403607566,,,,1371.0,45.385
4564,2,2771,2796.866054567022,718.803403607566,,,,1372.0,45.38
4565,2,2772,2797.866054567022,719.803403607566,,,,1372.0,45.373
4566,2,2773,2798.866054567022,720.803403607566,,,,1370.0,45.366
4567,2,2774,2799.866054567022,721.803403607566,,,,1369.0,45.36
4568,2,2775,2800.866054567022,722.803403607566,,,,1373.0,45.353
4569,2,2776,2801.866054567022,723.803403607566,,,,1371.0,45.346
4570,2,2777,2802.866054567022,724.803403607566,,,,1371.0,45.339
4571,2,2778,2803.866054567022,725.803403607566,,,,1366.0,45.332
4572,2,2779,2804.866054567022,726.803403607566,,,,1365.0,45.325
4573,2,2780,2805.866054567022,727.803403607566,,,,1363.0,45.319
4574,2,2781,2806.866054567022,728.803403607566,,,,1360.0,45.311
4575,2,2782,2807.866054567022,729.803403607566,,,,1361.0,45.305
4576,2,2783,2808.866054567022,730.803403607566,,,,1357.0,45.297
4577,2,2784,2809.866054567022,731.803403607566,,,,1353.0,45.293
4578,2,2785,2810.866054567022,732.803403607566,,,,1354.0,45.287
4579,2,2786,2811.866054567022,733.803403607566,,,,1351.0,45.279
4580,2,2787,2812.866054567022,734.803403607566,,,,1348.0,45.272
4581,2,2788,2813.866054567022,735.803403607566,,,,1349.0,45.266
4582,2,2789,2814.866054567022,736.803403607566,,,,1349.0,45.26
4583,2,2790,2815.866054567022,737.803403607566,,,,1347.0,45.253
4584,2,2791,2816.866054567022,738.803403607566,,,,1344.0,45.248
4585,2,2792,2817.866054567022,739.803403607566,,,,1341.0,45.24
4586,2,2793,2818.866054567022,740.803403607566,,,,1338.0,45.233
4587,2,2794,2819.866054567022,741.803403607566,,,,1335.0,45.226
4588,2,2795,2820.866054567022,742.803403607566,,,,1334.0,45.22
4589,2,2796,2821.866054567022,743.803403607566,,,,1333.0,45.214
4590,2,2797,2822.866054567022,744.803403607566,,,,1331.0,45.207
4591,2,2798,2823.866054567022,745.803403607566,,,,1329.0,45.202
4592,2,2799,2824.866054567022,746.803403607566,,,,1325.0,45.196
4593,2,2800,2825.866054567022,747.803403607566,,,,1322.0,45.192
4594,2,2801,2826.866054567022,748.803403607566,,,,1320.0,45.187
4595,2,2802,2827.866054567022,749.803403607566,,,,1319.0,45.184
4596,2,2803,2828.866054567022,750.803403607566,,,,1318.0,45.181
4597,2,2804,2829.866054567022,751.803403607566,,,,1316.0,45.179
4598,2,2805,2830.866054567022,752.803403607566,,,,1314.0,45.176
4599,2,2806,2831.866054567022,753.803403607566,,,,1312.0,45.171
4600,2,2807,2832.866054567022,754.803403607566,,,,1310.0,45.165
4601,2,2808,2833.866054567022,755.803403607566,,,,1308.0,45.16
4602,2,2809,2834.866054567022,756.803403607566,,,,1306.0,45.155
4603,2,2810,2835.866054567022,757.803403607566,,,,1304.0,45.15
4604,2,2811,2836.866054567022,758.803403607566,,,,1302.0,45.146
4605,2,2812,2837.866054567022,759.803403607566,,,,1300.0,45.143
4606,2,2813,2838.866054567022,760.803403607566,,,,1299.0,45.141
4607,2,2814,2839.866054567022,761.803403607566,,,,1298.0,45.138
4608,2,2815,2840.866054567022,762.803403607566,,,,1297.0,45.134
4609,2,2816,2841.866054567022,763.803403607566,,,,1296.0,45.132
4610,2,2817,2842.866054567022,764.803403607566,,,,1296.0,45.128
4611,2,2818,2843.866054567022,765.803403607566,,,,1295.0,45.124
4612,2,2819,2844.866054567022,766.803403607566,,,,1295.0,45.12
4613,2,2820,2845.866054567022,767.803403607566,,,,1294.0,45.116
4614,2,2821,2846.866054567022,768.803403607566,,,,1293.0,45.113
4615,2,2822,2847.866054567022,769.803403607566,,,,1294.0,45.11
4616,2,2823,2848.866054567022,770.803403607566,,,,1292.0,45.106
4617,2,2824,2849.866054567022,771.803403607566,,,,1292.0,45.101
4618,2,2825,2850.866054567022,772.803403607566,,,,1290.0,45.095
4619,2,2826,2851.866054567022,773.803403607566,,,,1289.0,45.087
4620,2,2827,2852.866054567022,774.803403607566,,,,1286.0,45.08
4621,2,2828,2853.866054567022,775.803403607566,,,,1284.0,45.071
4622,2,2829,2854.866054567022,776.803403607566,,,,1285.0,45.065
4623,2,2830,2855.866054567022,777.803403607566,,,,1289.0,45.058
4624,2,2831,2856.866054567022,778.803403607566,,,,1288.0,45.051
4625,2,2832,2857.866054567022,779.803403607566,,,,1287.0,45.045
4626,2,2833,2858.866054567022,780.803403607566,,,,1286.0,45.037
4627,2,2834,2859.866054567022,781.803403607566,,,,1285.0,45.028
4628,2,2835,2860.866054567022,782.803403607566,,,,1281.0,45.022
4629,2,2836,2861.866054567022,783.803403607566,,,,1282.0,45.018
4630,2,2837,2862.866054567022,784.803403607566,,,,1283.0,45.015
4631,2,2838,2863.866054567022,785.803403607566,,,,1285.0,45.011
4632,2,2839,2864.866054567022,786.803403607566,,,,1283.0,45.007
4633,2,2840,2865.866054567022,787.803403607566,,,,1283.0,45.004
4725,2,2932,2957.866054567022,879.803403607566,,,,1166.0,44.998
4726,2,2933,2958.866054567022,880.803403607566,,,,1164.0,44.992
4727,2,2934,2959.866054567022,881.803403607566,,,,1162.0,44.988
4728,2,2935,2960.866054567022,882.803403607566,,,,1159.0,44.982
4729,2,2936,2961.866054567022,883.803403607566,,,,1157.0,44.978
4730,2,2937,2962.866054567022,884.803403607566,,,,1154.0,44.972
4731,2,2938,2963.866054567022,885.803403607566,,,,1151.0,44.968
4732,2,2939,2964.866054567022,886.803403607566,,,,1149.0,44.964
4733,2,2940,2965.866054567022,887.803403607566,,,,1146.0,44.959
4734,2,2941,2966.866054567022,888.803403607566,,,,1142.0,44.952
4735,2,2942,2967.866054567022,889.803403607566,,,,1140.0,44.947
4736,2,2943,2968.866054567022,890.803403607566,,,,1138.0,44.94
4737,2,2944,2969.866054567022,891.803403607566,,,,1137.0,44.934
4738,2,2945,2970.866054567022,892.803403607566,,,,1137.0,44.925
4739,2,2946,2971.866054567022,893.803403607566,,,,1134.0,44.918
4740,2,2947,2972.866054567022,894.803403607566,,,,1133.0,44.91
4741,2,2948,2973.866054567022,895.803403607566,,,,1133.0,44.9
4742,2,2949,2974.866054567022,896.803403607566,,,,1131.0,44.893
4743,2,2950,2975.866054567022,897.803403607566,,,,1129.0,44.884
4744,2,2951,2976.866054567022,898.803403607566,,,,1128.0,44.876
4745,2,2952,2977.866054567022,899.803403607566,,,,1128.0,44.867
4746,2,2953,2978.866054567022,900.803403607566,,,,1126.0,44.857
4747,2,2954,2979.866054567022,901.803403607566,,,,1124.0,44.848
4748,2,2955,2980.866054567022,902.803403607566,,,,1122.0,44.838
4749,2,2956,2981.866054567022,903.803403607566,,,,1119.0,44.829
4750,2,2957,2982.866054567022,904.803403607566,,,,1120.0,44.819
4751,2,2958,2983.866054567022,905.803403607566,,,,1121.0,44.81
4752,2,2959,2984.866054567022,906.803403607566,,,,1120.0,44.799
4753,2,2960,2985.866054567022,907.803403607566,,,,1118.0,44.79
4754,2,2961,2986.866054567022,908.803403607566,,,,1119.0,44.781
4755,2,2962,2987.866054567022,909.803403607566,,,,1116.0,44.771
4756,2,2963,2988.866054567022,910.803403607566,,,,1114.0,44.761
4757,2,2964,2989.866054567022,911.803403607566,,,,1110.0,44.751
4758,2,2965,2990.866054567022,912.803403607566,,,,1110.0,44.741
4759,2,2966,2991.866054567022,913.803403607566,,,,1106.0,44.731
4760,2,2967,2992.866054567022,914.803403607566,,,,1104.0,44.72
4761,2,2968,2993.866054567022,915.803403607566,,,,1101.0,44.708
4762,2,2969,2994.866054567022,916.803403607566,,,,1097.0,44.696
4763,2,2970,2995.866054567022,917.803403607566,,,,1097.0,44.685
4764,2,2971,2996.866054567022,918.803403607566,,,,1096.0,44.675
4765,2,2972,2997.866054567022,919.803403607566,,,,1096.0,44.666
4766,2,2973,2998.866054567022,920.803403607566,,,,1098.0,44.659
4767,2,2974,2999.866054567022,921.803403607566,,,,1100.0,44.65
4768,2,2975,3000.866054567022,922.803403607566,,,,1101.0,44.641
4769,2,2976,3001.866054567022,923.803403607566,,,,1100.0,44.632
4770,2,2977,3002.866054567022,924.803403607566,,,,1098.0,44.623
4771,2,2978,3003.866054567022,925.803403607566,,,,1097.0,44.613
4772,2,2979,3004.866054567022,926.803403607566,,,,1093.0,44.602
4773,2,2980,3005.866054567022,927.803403607566,,,,1091.0,44.59
4774,2,2981,3006.866054567022,928.803403607566,,,,1089.0,44.579
4775,2,2982,3007.866054567022,929.803403607566,,,,1087.0,44.567
4776,2,2983,3008.866054567022,930.803403607566,,,,1087.0,44.557
4777,2,2984,3009.866054567022,931.803403607566,,,,1088.0,44.549
4778,2,2985,3010.866054567022,932.803403607566,,,,1086.0,44.539
4779,2,2986,3011.866054567022,933.803403607566,,,,1085.0,44.532
4780,2,2987,3012.866054567022,934.803403607566,,,,1083.0,44.524
4781,2,2988,3013.866054567022,935.803403607566,,,,1080.0,44.515
4782,2,2989,3014.866054567022,936.803403607566,,,,1078.0,44.507
4783,2,2990,3015.866054567022,937.803403607566,,,,1075.0,44.498
4784,2,2991,3016.866054567022,938.803403607566,,,,1074.0,44.491
4785,2,2992,3017.866054567022,939.803403607566,,,,1074.0,44.483
4786,2,2993,3018.866054567022,940.803403607566,,,,1073.0,44.473
4787,2,2994,3019.866054567022,941.803403607566,,,,1070.0,44.465
4788,2,2995,3020.866054567022,942.803403607566,,,,1068.0,44.457
4789,2,2996,3021.866054567022,943.803403607566,,,,1066.0,44.449
4790,2,2997,3022.866054567022,944.803403607566,,,,1064.0,44.439
4791,2,2998,3023.866054567022,945.803403607566,,,,1063.0,44.431
4792,2,2999,3024.866054567022,946.803403607566,,,,1062.0,44.422
4793,2,3000,3025.866054567022,947.803403607566,,,,1061.0,44.414
4794,2,3001,3026.866054567022,948.803403607566,,,,1058.0,44.405
4795,2,3002,3027.866054567022,949.803403607566,,,,1056.0,44.397
4796,2,3003,3028.866054567022,950.803403607566,,,,1055.0,44.389
4797,2,3004,3029.866054567022,951.803403607566,,,,1053.0,44.379
4798,2,3005,3030.866054567022,952.803403607566,,,,1050.0,44.37
4799,2,3006,3031.866054567022,953.803403607566,,,,1049.0,44.359
4800,2,3007,3032.866054567022,954.803403607566,,,,1045.0,44.35
4801,2,3008,3033.866054567022,955.803403607566,,,,1043.0,44.339
4802,2,3009,3034.866054567022,956.803403607566,,,,1040.0,44.328
4803,2,3010,3035.866054567022,957.803403607566,,,,1036.0,44.317
4804,2,3011,3036.866054567022,958.803403607566,,,,1034.0,44.307
4805,2,3012,3037.866054567022,959.803403607566,,,,1032.0,44.295
4806,2,3013,3038.866054567022,960.803403607566,,,,1029.0,44.284
4807,2,3014,3039.866054567022,961.803403607566,,,,1028.0,44.273
4808,2,3015,3040.866054567022,962.803403607566,,,,1027.0,44.262
4809,2,3016,3041.866054567022,963.803403607566,,,,1025.0,44.25
4810,2,3017,3042.866054567022,964.803403607566,,,,1023.0,44.237
4811,2,3018,3043.866054567022,965.803403607566,,,,1020.0,44.226
4812,2,3019,3044.866054567022,966.803403607566,,,,1018.0,44.213
4813,2,3020,3045.866054567022,967.803403607566,,,,1016.0,44.201
4814,2,3021,3046.866054567022,968.803403607566,,,,1014.0,44.188
4815,2,3022,3047.866054567022,969.803403607566,,,,1013.0,44.175
4816,2,3023,3048.866054567022,970.803403607566,,,,1011.0,44.161
4817,2,3024,3049.866054567022,971.803403607566,,,,1010.0,44.146
4818,2,3025,3050.866054567022,972.803403607566,,,,1008.0,44.131
4819,2,3026,3051.866054567022,973.803403607566,,,,1007.0,44.117
4820,2,3027,3052.866054567022,974.803403607566,,,,1006.0,44.102
4821,2,3028,3053.866054567022,975.803403607566,,,,1005.0,44.087
4822,2,3029,3054.866054567022,976.803403607566,,,,1005.0,44.072
4823,2,3030,3055.866054567022,977.803403607566,,,,1004.0,44.058
4824,2,3031,3056.866054567022,978.803403607566,,,,1007.0,44.044
4825,2,3032,3057.866054567022,979.803403607566,,,,1008.0,44.031
4826,2,3033,3058.866054567022,980.803403607566,,,,1011.0,44.019
4827,2,3034,3059.866054567022,981.803403607566,,,,1013.0,44.007
4828,2,3035,3060.866054567022,982.803403607566,,,,1015.0,43.997
4829,2,3036,3061.866054567022,983.803403607566,,,,1017.0,43.987
4830,2,3037,3062.866054567022,984.803403607566,,,,1021.0,43.979
4831,2,3038,3063.866054567022,985.803403607566,,,,1021.0,43.972
4832,2,3039,3064.866054567022,986.803403607566,,,,1021.0,43.969
4851,2,3058,3083.866054567022,1005.803403607566,,,,1047.0,43.964
4852,2,3059,3084.866054567022,1006.803403607566,,,,1048.0,43.962
4876,2,3083,3108.866054567022,1030.803403607566,,,,1080.0,43.961
4877,2,3084,3109.866054567022,1031.803403607566,,,,1080.0,43.96
4994,2,3201,3226.866054567022,1148.803403607566,,,,1188.0,43.956
4995,2,3202,3227.866054567022,1149.803403607566,,,,1187.0,43.948
4996,2,3203,3228.866054567022,1150.803403607566,,,,1185.0,43.938
4997,2,3204,3229.866054567022,1151.803403607566,,,,1183.0,43.927
4998,2,3205,3230.866054567022,1152.803403607566,,,,1180.0,43.916
4999,2,3206,3231.866054567022,1153.803403607566,,,,1179.0,43.905
5000,2,3207,3232.866054567022,1154.803403607566,,,,1179.0,43.893
5001,2,3208,3233.866054567022,1155.803403607566,,,,1180.0,43.884
5002,2,3209,3234.866054567022,1156.803403607566,,,,1181.0,43.874
5003,2,3210,3235.866054567022,1157.803403607566,,,,1182.0,43.866
5004,2,3211,3236.866054567022,1158.803403607566,,,,1181.0,43.857
5005,2,3212,3237.866054567022,1159.803403607566,,,,1178.0,43.848
5006,2,3213,3238.866054567022,1160.803403607566,,,,1181.0,43.837
5007,2,3214,3239.866054567022,1161.803403607566,,,,1180.0,43.827
5008,2,3215,3240.866054567022,1162.803403607566,,,,1178.0,43.817
5009,2,3216,3241.866054567022,1163.803403607566,,,,1173.0,43.807
5010,2,3217,3242.866054567022,1164.803403607566,,,,1178.0,43.799
5011,2,3218,3243.866054567022,1165.803403607566,,,,1178.0,43.789
5012,2,3219,3244.866054567022,1166.803403607566,,,,1172.0,43.781
5013,2,3220,3245.866054567022,1167.803403607566,,,,1175.0,43.77
5014,2,3221,3246.866054567022,1168.803403607566,,,,1168.0,43.757
5015,2,3222,3247.866054567022,1169.803403607566,,,,1169.0,43.745
5016,2,3223,3248.866054567022,1170.803403607566,,,,1166.0,43.732
5017,2,3224,3249.866054567022,1171.803403607566,,,,1164.0,43.719
5018,2,3225,3250.866054567022,1172.803403607566,,,,1163.0,43.705
5019,2,3226,3251.866054567022,1173.803403607566,,,,1162.0,43.692
5020,2,3227,3252.866054567022,1174.803403607566,,,,1161.0,43.679
5021,2,3228,3253.866054567022,1175.803403607566,,,,1159.0,43.667
5022,2,3229,3254.866054567022,1176.803403607566,,,,1158.0,43.655
5023,2,3230,3255.866054567022,1177.803403607566,,,,1156.0,43.642
5024,2,3231,3256.866054567022,1178.803403607566,,,,1154.0,43.629
5025,2,3232,3257.866054567022,1179.803403607566,,,,1151.0,43.614
5026,2,3233,3258.866054567022,1180.803403607566,,,,1149.0,43.6
5027,2,3234,3259.866054567022,1181.803403607566,,,,1146.0,43.586
5028,2,3235,3260.866054567022,1182.803403607566,,,,1145.0,43.57
5029,2,3236,3261.866054567022,1183.803403607566,,,,1143.0,43.554
5030,2,3237,3262.866054567022,1184.803403607566,,,,1143.0,43.54
5031,2,3238,3263.866054567022,1185.803403607566,,,,1143.0,43.526
5032,2,3239,3264.866054567022,1186.803403607566,,,,1147.0,43.513
5033,2,3240,3265.866054567022,1187.803403607566,,,,1150.0,43.503
5034,2,3241,3266.866054567022,1188.803403607566,,,,1153.0,43.498
5035,2,3242,3267.866054567022,1189.803403607566,,,,1156.0,43.492
5036,2,3243,3268.866054567022,1190.803403607566,,,,1157.0,43.489
5037,2,3244,3269.866054567022,1191.803403607566,,,,1157.0,43.487
5038,2,3245,3270.866054567022,1192.803403607566,,,,1156.0,43.485
5039,2,3246,3271.866054567022,1193.803403607566,,,,1156.0,43.483
5040,2,3247,3272.866054567022,1194.803403607566,,,,1153.0,43.478
5041,2,3248,3273.866054567022,1195.803403607566,,,,1152.0,43.471
5042,2,3249,3274.866054567022,1196.803403607566,,,,1150.0,43.463
5043,2,3250,3275.866054567022,1197.803403607566,,,,1148.0,43.452
5044,2,3251,3276.866054567022,1198.803403607566,,,,1145.0,43.441
5045,2,3252,3277.866054567022,1199.803403607566,,,,1144.0,43.429
5046,2,3253,3278.866054567022,1200.803403607566,,,,1145.0,43.418
5047,2,3254,3279.866054567022,1201.803403607566,,,,1144.0,43.405
5048,2,3255,3280.866054567022,1202.803403607566,,,,1143.0,43.392
5049,2,3256,3281.866054567022,1203.803403607566,,,,1144.0,43.378
5050,2,3257,3282.866054567022,1204.803403607566,,,,1144.0,43.365
5051,2,3258,3283.866054567022,1205.803403607566,,,,1145.0,43.351
5052,2,3259,3284.866054567022,1206.803403607566,,,,1146.0,43.339
5053,2,3260,3285.866054567022,1207.803403607566,,,,1148.0,43.328
5054,2,3261,3286.866054567022,1208.803403607566,,,,1148.0,43.317
5055,2,3262,3287.866054567022,1209.803403607566,,,,1148.0,43.307
5056,2,3263,3288.866054567022,1210.803403607566,,,,1147.0,43.295
5057,2,3264,3289.866054567022,1211.803403607566,,,,1146.0,43.284
5058,2,3265,3290.866054567022,1212.803403607566,,,,1144.0,43.271
5059,2,3266,3291.866054567022,1213.803403607566,,,,1142.0,43.26
5060,2,3267,3292.866054567022,1214.803403607566,,,,1139.0,43.248
5061,2,3268,3293.866054567022,1215.803403607566,,,,1139.0,43.236
5062,2,3269,3294.866054567022,1216.803403607566,,,,1135.0,43.223
5063,2,3270,3295.866054567022,1217.803403607566,,,,1132.0,43.209
5064,2,3271,3296.866054567022,1218.803403607566,,,,1129.0,43.196
5065,2,3272,3297.866054567022,1219.803403607566,,,,1124.0,43.181
5066,2,3273,3298.866054567022,1220.803403607566,,,,1121.0,43.167
5067,2,3274,3299.866054567022,1221.803403607566,,,,1118.0,43.152
5068,2,3275,3300.866054567022,1222.803403607566,,,,1115.0,43.137
5069,2,3276,3301.866054567022,1223.803403607566,,,,1113.0,43.123
5070,2,3277,3302.866054567022,1224.803403607566,,,,1111.0,43.109
5071,2,3278,3303.866054567022,1225.803403607566,,,,1108.0,43.096
5072,2,3279,3304.866054567022,1226.803403607566,,,,1107.0,43.083
5073,2,3280,3305.866054567022,1227.803403607566,,,,1105.0,43.071
5074,2,3281,3306.866054567022,1228.803403607566,,,,1103.0,43.059
5075,2,3282,3307.866054567022,1229.803403607566,,,,1101.0,43.048
5076,2,3283,3308.866054567022,1230.803403607566,,,,1099.0,43.035
5077,2,3284,3309.866054567022,1231.803403607566,,,,1098.0,43.022
5078,2,3285,3310.866054567022,1232.803403607566,,,,1095.0,43.01
5079,2,3286,3311.866054567022,1233.803403607566,,,,1093.0,42.998
5080,2,3287,3312.866054567022,1234.803403607566,,,,1091.0,42.985
5081,2,3288,3313.866054567022,1235.803403607566,,,,1089.0,42.972
5082,2,3289,3314.866054567022,1236.803403607566,,,,1087.0,42.959
5083,2,3290,3315.866054567022,1237.803403607566,,,,1085.0,42.945
5084,2,3291,3316.866054567022,1238.803403607566,,,,1083.0,42.932
5085,2,3292,3317.866054567022,1239.803403607566,,,,1082.0,42.918
5086,2,3293,3318.866054567022,1240.803403607566,,,,1079.0,42.906
5087,2,3294,3319.866054567022,1241.803403607566,,,,1078.0,42.891
5088,2,3295,3320.866054567022,1242.803403607566,,,,1074.0,42.879
5089,2,3296,3321.866054567022,1243.803403607566,,,,1073.0,42.866
5090,2,3297,3322.866054567022,1244.803403607566,,,,1071.0,42.853
5091,2,3298,3323.866054567022,1245.803403607566,,,,1069.0,42.84
5092,2,3299,3324.866054567022,1246.803403607566,,,,1067.0,42.828
5093,2,3300,3325.866054567022,1247.803403607566,,,,1065.0,42.815
5094,2,3301,3326.866054567022,1248.803403607566,,,,1062.0,42.802
5095,2,3302,3327.866054567022,1249.803403607566,,,,1061.0,42.789
5096,2,3303,3328.866054567022,1250.803403607566,,,,1058.0,42.778
5097,2,3304,3329.866054567022,1251.803403607566,,,,1056.0,42.765
5098,2,3305,3330.866054567022,1252.803403607566,,,,1054.0,42.752
5099,2,3306,3331.866054567022,1253.803403607566,,,,1053.0,42.739
5100,2,3307,3332.866054567022,1254.803403607566,,,,1049.0,42.726
5101,2,3308,3333.866054567022,1255.803403607566,,,,1048.0,42.713
5102,2,3309,3334.866054567022,1256.803403607566,,,,1047.0,42.702
5103,2,3310,3335.866054567022,1257.803403607566,,,,1045.0,42.69
5104,2,3311,3336.866054567022,1258.803403607566,,,,1042.0,42.677
5105,2,3312,3337.866054567022,1259.803403607566,,,,1040.0,42.664
5106,2,3313,3338.866054567022,1260.803403607566,,,,1038.0,42.652
5107,2,3314,3339.866054567022,1261.803403607566,,,,1036.0,42.64
5108,2,3315,3340.866054567022,1262.803403607566,,,,1034.0,42.629
5109,2,3316,3341.866054567022,1263.803403607566,,,,1031.0,42.617
5110,2,3317,3342.866054567022,1264.803403607566,,,,1027.0,42.605
5111,2,3318,3343.866054567022,1265.803403607566,,,,1025.0,42.593
5112,2,3319,3344.866054567022,1266.803403607566,,,,1022.0,42.581
5113,2,3320,3345.866054567022,1267.803403607566,,,,1019.0,42.568
5114,2,3321,3346.866054567022,1268.803403607566,,,,1016.0,42.555
5115,2,3322,3347.866054567022,1269.803403607566,,,,1012.0,42.541
5116,2,3323,3348.866054567022,1270.803403607566,,,,1009.0,42.529
5117,2,3324,3349.866054567022,1271.803403607566,,,,1007.0,42.516
5118,2,3325,3350.866054567022,1272.803403607566,,,,1003.0,42.502
5119,2,3326,3351.866054567022,1273.803403607566,,,,1000.0,42.49
5120,2,3327,3352.866054567022,1274.803403607566,,,,999.0,42.478
5121,2,3328,3353.866054567022,1275.803403607566,,,,996.0,42.464
5122,2,3329,3354.866054567022,1276.803403607566,,,,993.0,42.451
5123,2,3330,3355.866054567022,1277.803403607566,,,,990.0,42.437
5124,2,3331,3356.866054567022,1278.803403607566,,,,985.0,42.423
5125,2,3332,3357.866054567022,1279.803403607566,,,,981.0,42.409
5126,2,3333,3358.866054567022,1280.803403607566,,,,978.0,42.395
5127,2,3334,3359.866054567022,1281.803403607566,,,,976.0,42.381
5128,2,3335,3360.866054567022,1282.803403607566,,,,973.0,42.367
5129,2,3336,3361.866054567022,1283.803403607566,,,,970.0,42.352
5130,2,3337,3362.866054567022,1284.803403607566,,,,968.0,42.338
5131,2,3338,3363.866054567022,1285.803403607566,,,,965.0,42.325
5132,2,3339,3364.866054567022,1286.803403607566,,,,962.0,42.311
5133,2,3340,3365.866054567022,1287.803403607566,,,,960.0,42.296
5134,2,3341,3366.866054567022,1288.803403607566,,,,956.0,42.282
5135,2,3342,3367.866054567022,1289.803403607566,,,,955.0,42.268
5136,2,3343,3368.866054567022,1290.803403607566,,,,952.0,42.253
5137,2,3344,3369.866054567022,1291.803403607566,,,,949.0,42.24
5138,2,3345,3370.866054567022,1292.803403607566,,,,947.0,42.224
5139,2,3346,3371.866054567022,1293.803403607566,,,,946.0,42.209
5140,2,3347,3372.866054567022,1294.803403607566,,,,945.0,42.194
5141,2,3348,3373.866054567022,1295.803403607566,,,,943.0,42.178
5142,2,3349,3374.866054567022,1296.803403607566,,,,942.0,42.163
5143,2,3350,3375.866054567022,1297.803403607566,,,,942.0,42.147
5144,2,3351,3376.866054567022,1298.803403607566,,,,943.0,42.134
5145,2,3352,3377.866054567022,1299.803403607566,,,,941.0,42.12
5146,2,3353,3378.866054567022,1300.803403607566,,,,941.0,42.106
5147,2,3354,3379.866054567022,1301.803403607566,,,,941.0,42.093
5148,2,3355,3380.866054567022,1302.803403607566,,,,942.0,42.079
5149,2,3356,3381.866054567022,1303.803403607566,,,,944.0,42.065
5150,2,3357,3382.866054567022,1304.803403607566,,,,945.0,42.053
5151,2,3358,3383.866054567022,1305.803403607566,,,,946.0,42.04
5152,2,3359,3384.866054567022,1306.803403607566,,,,949.0,42.03
5153,2,3360,3385.866054567022,1307.803403607566,,,,952.0,42.022
5154,2,3361,3386.866054567022,1308.803403607566,,,,955.0,42.02
5176,2,3383,3408.866054567022,1330.803403607566,,,,977.0,42.018
5177,2,3384,3409.866054567022,1331.803403607566,,,,978.0,42.016
5201,2,3408,3433.866054567022,1355.803403607566,,,,1002.0,42.01
5202,2,3409,3434.866054567022,1356.803403607566,,,,1002.0,42.004
5203,2,3410,3435.866054567022,1357.803403607566,,,,1003.0,42.0
5204,2,3411,3436.866054567022,1358.803403607566,,,,1003.0,41.997
5205,2,3412,3437.866054567022,1359.803403607566,,,,1003.0,41.995
5230,2,3437,3462.866054567022,1384.803403607566,,,,1001.0,41.992
5231,2,3438,3463.866054567022,1385.803403607566,,,,1001.0,41.986
5232,2,3439,3464.866054567022,1386.803403607566,,,,1001.0,41.977
5233,2,3440,3465.866054567022,1387.803403607566,,,,1002.0,41.968
5234,2,3441,3466.866054567022,1388.803403607566,,,,1003.0,41.958
5235,2,3442,3467.866054567022,1389.803403607566,,,,1004.0,41.948
5236,2,3443,3468.866054567022,1390.803403607566,,,,1005.0,41.94
5237,2,3444,3469.866054567022,1391.803403607566,,,,1006.0,41.932
5238,2,3445,3470.866054567022,1392.803403607566,,,,1006.0,41.926
5239,2,3446,3471.866054567022,1393.803403607566,,,,1004.0,41.923
5240,2,3447,3472.866054567022,1394.803403607566,,,,1003.0,41.92
5241,2,3448,3473.866054567022,1395.803403607566,,,,1002.0,41.916
5242,2,3449,3474.866054567022,1396.803403607566,,,,999.0,41.915
5755,2,3962,3987.866054567022,1909.803403607566,,,,1303.0,41.903
5756,2,3963,3988.866054567022,1910.803403607566,,,,1300.0,41.888
5757,2,3964,3989.866054567022,1911.803403607566,,,,1300.0,41.875
5758,2,3965,3990.866054567022,1912.803403607566,,,,1299.0,41.861
5759,2,3966,3991.866054567022,1913.803403607566,,,,1299.0,41.848
5760,2,3967,3992.866054567022,1914.803403607566,,,,1297.0,41.836
5761,2,3968,3993.866054567022,1915.803403607566,,,,1295.0,41.822
5762,2,3969,3994.866054567022,1916.803403607566,,,,1294.0,41.811
5763,2,3970,3995.866054567022,1917.803403607566,,,,1293.0,41.797
5764,2,3971,3996.866054567022,1918.803403607566,,,,1291.0,41.784
5765,2,3972,3997.866054567022,1919.803403607566,,,,1289.0,41.77
5766,2,3973,3998.866054567022,1920.803403607566,,,,1288.0,41.758
5767,2,3974,3999.866054567022,1921.803403607566,,,,1285.0,41.744
5768,2,3975,4000.866054567022,1922.803403607566,,,,1282.0,41.731
5769,2,3976,4001.866054567022,1923.803403607566,,,,1280.0,41.716
5770,2,3977,4002.866054567022,1924.803403607566,,,,1277.0,41.702
5771,2,3978,4003.866054567022,1925.803403607566,,,,1275.0,41.688
5772,2,3979,4004.866054567022,1926.803403607566,,,,1272.0,41.675
5773,2,3980,4005.866054567022,1927.803403607566,,,,1270.0,41.66
5774,2,3981,4006.866054567022,1928.803403607566,,,,1267.0,41.647
5775,2,3982,4007.866054567022,1929.803403607566,,,,1264.0,41.632
5776,2,3983,4008.866054567022,1930.803403607566,,,,1262.0,41.618
5777,2,3984,4009.866054567022,1931.803403607566,,,,1258.0,41.604
5778,2,3985,4010.866054567022,1932.803403607566,,,,1258.0,41.59
5779,2,3986,4011.866054567022,1933.803403607566,,,,1256.0,41.577
5780,2,3987,4012.866054567022,1934.803403607566,,,,1254.0,41.563
5781,2,3988,4013.866054567022,1935.803403607566,,,,1254.0,41.551
5782,2,3989,4014.866054567022,1936.803403607566,,,,1251.0,41.536
5783,2,3990,4015.866054567022,1937.803403607566,,,,1250.0,41.524
5784,2,3991,4016.866054567022,1938.803403607566,,,,1247.0,41.51
5785,2,3992,4017.866054567022,1939.803403607566,,,,1245.0,41.496
5786,2,3993,4018.866054567022,1940.803403607566,,,,1243.0,41.482
5787,2,3994,4019.866054567022,1941.803403607566,,,,1242.0,41.469
5788,2,3995,4020.866054567022,1942.803403607566,,,,1240.0,41.455
5789,2,3996,4021.866054567022,1943.803403607566,,,,1239.0,41.442
5790,2,3997,4022.866054567022,1944.803403607566,,,,1237.0,41.429
5791,2,3998,4023.866054567022,1945.803403607566,,,,1236.0,41.415
5792,2,3999,4024.866054567022,1946.803403607566,,,,1234.0,41.403
5793,2,4000,4025.866054567022,1947.803403607566,,,,1234.0,41.39
5794,2,4001,4026.866054567022,1948.803403607566,,,,1232.0,41.376
5795,2,4002,4027.866054567022,1949.803403607566,,,,1231.0,41.364
5796,2,4003,4028.866054567022,1950.803403607566,,,,1229.0,41.351
5797,2,4004,4029.866054567022,1951.803403607566,,,,1228.0,41.338
5798,2,4005,4030.866054567022,1952.803403607566,,,,1226.0,41.326
5799,2,4006,4031.866054567022,1953.803403607566,,,,1224.0,41.313
5800,2,4007,4032.866054567022,1954.803403607566,,,,1223.0,41.3
5801,2,4008,4033.866054567022,1955.803403607566,,,,1221.0,41.288
5802,2,4009,4034.866054567022,1956.803403607566,,,,1219.0,41.275
5803,2,4010,4035.866054567022,1957.803403607566,,,,1218.0,41.263
5804,2,4011,4036.866054567022,1958.803403607566,,,,1217.0,41.252
5805,2,4012,4037.866054567022,1959.803403607566,,,,1215.0,41.239
5806,2,4013,4038.866054567022,1960.803403607566,,,,1214.0,41.228
5807,2,4014,4039.866054567022,1961.803403607566,,,,1212.0,41.215
5808,2,4015,4040.866054567022,1962.803403607566,,,,1210.0,41.204
5809,2,4016,4041.866054567022,1963.803403607566,,,,1209.0,41.193
5810,2,4017,4042.866054567022,1964.803403607566,,,,1207.0,41.179
5811,2,4018,4043.866054567022,1965.803403607566,,,,1205.0,41.167
5812,2,4019,4044.866054567022,1966.803403607566,,,,1204.0,41.155
5813,2,4020,4045.866054567022,1967.803403607566,,,,1203.0,41.141
5814,2,4021,4046.866054567022,1968.803403607566,,,,1201.0,41.129
5815,2,4022,4047.866054567022,1969.803403607566,,,,1200.0,41.116
5816,2,4023,4048.866054567022,1970.803403607566,,,,1198.0,41.105
5817,2,4024,4049.866054567022,1971.803403607566,,,,1197.0,41.092
5818,2,4025,4050.866054567022,1972.803403607566,,,,1195.0,41.08
5819,2,4026,4051.866054567022,1973.803403607566,,,,1193.0,41.068
5820,2,4027,4052.866054567022,1974.803403607566,,,,1190.0,41.056
5821,2,4028,4053.866054567022,1975.803403607566,,,,1189.0,41.043
5822,2,4029,4054.866054567022,1976.803403607566,,,,1186.0,41.031
5823,2,4030,4055.866054567022,1977.803403607566,,,,1185.0,41.019
5824,2,4031,4056.866054567022,1978.803403607566,,,,1183.0,41.006
5825,2,4032,4057.866054567022,1979.803403607566,,,,1180.0,40.994
5826,2,4033,4058.866054567022,1980.803403607566,,,,1179.0,40.979
5827,2,4034,4059.866054567022,1981.803403607566,,,,1177.0,40.967
5828,2,4035,4060.866054567022,1982.803403607566,,,,1175.0,40.954
5829,2,4036,4061.866054567022,1983.803403607566,,,,1174.0,40.94
5830,2,4037,4062.866054567022,1984.803403607566,,,,1171.0,40.926
5831,2,4038,4063.866054567022,1985.803403607566,,,,1170.0,40.913
5832,2,4039,4064.866054567022,1986.803403607566,,,,1167.0,40.899
5833,2,4040,4065.866054567022,1987.803403607566,,,,1166.0,40.886
5834,2,4041,4066.866054567022,1988.803403607566,,,,1164.0,40.872
5835,2,4042,4067.866054567022,1989.803403607566,,,,1161.0,40.858
5836,2,4043,4068.866054567022,1990.803403607566,,,,1161.0,40.845
5837,2,4044,4069.866054567022,1991.803403607566,,,,1159.0,40.833
5838,2,4045,4070.866054567022,1992.803403607566,,,,1155.0,40.82
5839,2,4046,4071.866054567022,1993.803403607566,,,,1154.0,40.808
5840,2,4047,4072.866054567022,1994.803403607566,,,,1151.0,40.795
5841,2,4048,4073.866054567022,1995.803403607566,,,,1149.0,40.781
5842,2,4049,4074.866054567022,1996.803403607566,,,,1147.0,40.769
5843,2,4050,4075.866054567022,1997.803403607566,,,,1144.0,40.755
5844,2,4051,4076.866054567022,1998.803403607566,,,,1142.0,40.742
5845,2,4052,4077.866054567022,1999.803403607566,,,,1140.0,40.73
5846,2,4053,4078.866054567022,2000.803403607566,,,,1137.0,40.718
5847,2,4054,4079.866054567022,2001.803403607566,,,,1136.0,40.705
5848,2,4055,4080.866054567022,2002.803403607566,,,,1134.0,40.692
5849,2,4056,4081.866054567022,2003.803403607566,,,,1133.0,40.678
5850,2,4057,4082.866054567022,2004.803403607566,,,,1131.0,40.665
5851,2,4058,4083.866054567022,2005.803403607566,,,,1131.0,40.653
5852,2,4059,4084.866054567022,2006.803403607566,,,,1134.0,40.641
5853,2,4060,4085.866054567022,2007.803403607566,,,,1134.0,40.629
5854,2,4061,4086.866054567022,2008.803403607566,,,,1136.0,40.619
5855,2,4062,4087.866054567022,2009.803403607566,,,,1135.0,40.608
5856,2,4063,4088.866054567022,2010.803403607566,,,,1135.0,40.596
5857,2,4064,4089.866054567022,2011.803403607566,,,,1134.0,40.583
5858,2,4065,4090.866054567022,2012.803403607566,,,,1131.0,40.57
5859,2,4066,4091.866054567022,2013.803403607566,,,,1130.0,40.559
5860,2,4067,4092.866054567022,2014.803403607566,,,,1127.0,40.547
5861,2,4068,4093.866054567022,2015.803403607566,,,,1124.0,40.536
5862,2,4069,4094.866054567022,2016.803403607566,,,,1120.0,40.524
5863,2,4070,4095.866054567022,2017.803403607566,,,,1115.0,40.51
5864,2,4071,4096.866054567022,2018.803403607566,,,,1112.0,40.496
5865,2,4072,4097.866054567022,2019.803403607566,,,,1109.0,40.481
5866,2,4073,4098.866054567022,2020.803403607566,,,,1108.0,40.467
5867,2,4074,4099.866054567022,2021.803403607566,,,,1106.0,40.453
5868,2,4075,4100.866054567022,2022.803403607566,,,,1103.0,40.441
5869,2,4076,4101.866054567022,2023.803403607566,,,,1102.0,40.428
5870,2,4077,4102.866054567022,2024.803403607566,,,,1099.0,40.416
5871,2,4078,4103.866054567022,2025.803403607566,,,,1097.0,40.403
5872,2,4079,4104.866054567022,2026.803403607566,,,,1095.0,40.391
5873,2,4080,4105.866054567022,2027.803403607566,,,,1092.0,40.379
5874,2,4081,4106.866054567022,2028.803403607566,,,,1090.0,40.365
5875,2,4082,4107.866054567022,2029.803403607566,,,,1086.0,40.353
5876,2,4083,4108.866054567022,2030.803403607566,,,,1084.0,40.338
5877,2,4084,4109.866054567022,2031.803403607566,,,,1082.0,40.324
5878,2,4085,4110.866054567022,2032.803403607566,,,,1079.0,40.309
5879,2,4086,4111.866054567022,2033.803403607566,,,,1077.0,40.295
5880,2,4087,4112.866054567022,2034.803403607566,,,,1076.0,40.281
5881,2,4088,4113.866054567022,2035.803403607566,,,,1074.0,40.267
5882,2,4089,4114.866054567022,2036.803403607566,,,,1072.0,40.254
5883,2,4090,4115.866054567022,2037.803403607566,,,,1070.0,40.241
5884,2,4091,4116.866054567022,2038.803403607566,,,,1069.0,40.229
5885,2,4092,4117.866054567022,2039.803403607566,,,,1066.0,40.216
5886,2,4093,4118.866054567022,2040.803403607566,,,,1062.0,40.204
5887,2,4094,4119.866054567022,2041.803403607566,,,,1059.0,40.189
5888,2,4095,4120.866054567022,2042.803403607566,,,,1055.0,40.175
5889,2,4096,4121.866054567022,2043.803403607566,,,,1053.0,40.162
5890,2,4097,4122.866054567022,2044.803403607566,,,,1050.0,40.148
5891,2,4098,4123.866054567022,2045.803403607566,,,,1047.0,40.133
5892,2,4099,4124.866054567022,2046.803403607566,,,,1045.0,40.12
5893,2,4100,4125.866054567022,2047.803403607566,,,,1043.0,40.107
5894,2,4101,4126.866054567022,2048.803403607566,,,,1041.0,40.094
5895,2,4102,4127.866054567022,2049.803403607566,,,,1038.0,40.08
5896,2,4103,4128.866054567022,2050.803403607566,,,,1036.0,40.067
5897,2,4104,4129.866054567022,2051.803403607566,,,,1034.0,40.054
5898,2,4105,4130.866054567022,2052.803403607566,,,,1032.0,40.039
5899,2,4106,4131.866054567022,2053.803403607566,,,,1029.0,40.024
5900,2,4107,4132.866054567022,2054.803403607566,,,,1027.0,40.01
5901,2,4108,4133.866054567022,2055.803403607566,,,,1025.0,39.996
5902,2,4109,4134.866054567022,2056.803403607566,,,,1022.0,39.982
5903,2,4110,4135.866054567022,2057.803403607566,,,,1020.0,39.968
5904,2,4111,4136.866054567022,2058.803403607566,,,,1019.0,39.953
5905,2,4112,4137.866054567022,2059.803403607566,,,,1016.0,39.938
5906,2,4113,4138.866054567022,2060.803403607566,,,,1013.0,39.924
5907,2,4114,4139.866054567022,2061.803403607566,,,,1010.0,39.91
5908,2,4115,4140.866054567022,2062.803403607566,,,,1010.0,39.895
5909,2,4116,4141.866054567022,2063.803403607566,,,,1007.0,39.881
5910,2,4117,4142.866054567022,2064.803403607566,,,,1005.0,39.866
5911,2,4118,4143.866054567022,2065.803403607566,,,,1002.0,39.851
5912,2,4119,4144.866054567022,2066.803403607566,,,,1000.0,39.837
5913,2,4120,4145.866054567022,2067.803403607566,,,,999.0,39.822
5914,2,4121,4146.866054567022,2068.803403607566,,,,997.0,39.806
5915,2,4122,4147.866054567022,2069.803403607566,,,,995.0,39.791
5916,2,4123,4148.866054567022,2070.803403607566,,,,993.0,39.777
5917,2,4124,4149.866054567022,2071.803403607566,,,,991.0,39.762
5918,2,4125,4150.866054567022,2072.803403607566,,,,990.0,39.746
5919,2,4126,4151.866054567022,2073.803403607566,,,,987.0,39.731
5920,2,4127,4152.866054567022,2074.803403607566,,,,986.0,39.716
5921,2,4128,4153.866054567022,2075.803403607566,,,,982.0,39.701
5922,2,4129,4154.866054567022,2076.803403607566,,,,983.0,39.685
5923,2,4130,4155.866054567022,2077.803403607566,,,,983.0,39.671
5924,2,4131,4156.866054567022,2078.803403607566,,,,983.0,39.654
5925,2,4132,4157.866054567022,2079.803403607566,,,,983.0,39.639
5926,2,4133,4158.866054567022,2080.803403607566,,,,985.0,39.625
5927,2,4134,4159.866054567022,2081.803403607566,,,,986.0,39.613
5928,2,4135,4160.866054567022,2082.803403607566,,,,985.0,39.603
5929,2,4136,4161.866054567022,2083.803403607566,,,,995.0,39.594
5930,2,4137,4162.866054567022,2084.803403607566,,,,996.0,39.585
5931,2,4138,4163.866054567022,2085.803403607566,,,,997.0,39.578
5932,2,4139,4164.866054567022,2086.803403607566,,,,998.0,39.571
5933,2,4140,4165.866054567022,2087.803403607566,,,,999.0,39.568
5934,2,4141,4166.866054567022,2088.803403607566,,,,1000.0,39.567
5955,2,4162,4187.866054567022,2109.803403607566,,,,1011.0,39.566
5956,2,4163,4188.866054567022,2110.803403607566,,,,1011.0,39.557
5957,2,4164,4189.866054567022,2111.803403607566,,,,1012.0,39.551
5958,2,4165,4190.866054567022,2112.803403607566,,,,1012.0,39.549
5959,2,4166,4191.866054567022,2113.803403607566,,,,1014.0,39.547
5975,2,4182,4207.866054567022,2129.803403607566,,,,1040.0,39.542
5976,2,4183,4208.866054567022,2130.803403607566,,,,1041.0,39.535
5977,2,4184,4209.866054567022,2131.803403607566,,,,1042.0,39.529
5978,2,4185,4210.866054567022,2132.803403607566,,,,1042.0,39.526
6109,2,4316,4341.866054567022,2263.803403607566,,,,1179.0,39.522
6110,2,4317,4342.866054567022,2264.803403607566,,,,1177.0,39.511
6111,2,4318,4343.866054567022,2265.803403607566,,,,1175.0,39.5
6112,2,4319,4344.866054567022,2266.803403607566,,,,1173.0,39.49
6113,2,4320,4345.866054567022,2267.803403607566,,,,1172.0,39.479
6114,2,4321,4346.866054567022,2268.803403607566,,,,1170.0,39.467
6115,2,4322,4347.866054567022,2269.803403607566,,,,1170.0,39.456
6116,2,4323,4348.866054567022,2270.803403607566,,,,1169.0,39.444
6117,2,4324,4349.866054567022,2271.803403607566,,,,1168.0,39.433
6118,2,4325,4350.866054567022,2272.803403607566,,,,1167.0,39.421
6119,2,4326,4351.866054567022,2273.803403607566,,,,1166.0,39.409
6120,2,4327,4352.866054567022,2274.803403607566,,,,1165.0,39.398
6121,2,4328,4353.866054567022,2275.803403607566,,,,1165.0,39.387
6122,2,4329,4354.866054567022,2276.803403607566,,,,1164.0,39.375
6123,2,4330,4355.866054567022,2277.803403607566,,,,1164.0,39.364
6124,2,4331,4356.866054567022,2278.803403607566,,,,1163.0,39.353
6125,2,4332,4357.866054567022,2279.803403607566,,,,1163.0,39.34
6126,2,4333,4358.866054567022,2280.803403607566,,,,1163.0,39.329
6127,2,4334,4359.866054567022,2281.803403607566,,,,1162.0,39.318
6128,2,4335,4360.866054567022,2282.803403607566,,,,1162.0,39.306
6129,2,4336,4361.866054567022,2283.803403607566,,,,1162.0,39.294
6130,2,4337,4362.866054567022,2284.803403607566,,,,1161.0,39.283
6131,2,4338,4363.866054567022,2285.803403607566,,,,1160.0,39.27
6132,2,4339,4364.866054567022,2286.803403607566,,,,1159.0,39.258
6133,2,4340,4365.866054567022,2287.803403607566,,,,1159.0,39.244
6134,2,4341,4366.866054567022,2288.803403607566,,,,1160.0,39.231
6135,2,4342,4367.866054567022,2289.803403607566,,,,1162.0,39.219
6136,2,4343,4368.866054567022,2290.803403607566,,,,1162.0,39.205
6137,2,4344,4369.866054567022,2291.803403607566,,,,1164.0,39.192
6138,2,4345,4370.866054567022,2292.803403607566,,,,1166.0,39.181
6139,2,4346,4371.866054567022,2293.803403607566,,,,1167.0,39.172
6140,2,4347,4372.866054567022,2294.803403607566,,,,1168.0,39.162
6141,2,4348,4373.866054567022,2295.803403607566,,,,1167.0,39.153
6142,2,4349,4374.866054567022,2296.803403607566,,,,1166.0,39.142
6143,2,4350,4375.866054567022,2297.803403607566,,,,1166.0,39.132
6144,2,4351,4376.866054567022,2298.803403607566,,,,1165.0,39.121
6145,2,4352,4377.866054567022,2299.803403607566,,,,1165.0,39.111
6146,2,4353,4378.866054567022,2300.803403607566,,,,1165.0,39.1
6147,2,4354,4379.866054567022,2301.803403607566,,,,1164.0,39.09
6148,2,4355,4380.866054567022,2302.803403607566,,,,1164.0,39.078
6149,2,4356,4381.866054567022,2303.803403607566,,,,1161.0,39.067
6150,2,4357,4382.866054567022,2304.803403607566,,,,1148.0,39.055
6151,2,4358,4383.866054567022,2305.803403607566,,,,1159.0,39.043
6152,2,4359,4384.866054567022,2306.803403607566,,,,1158.0,39.031
6153,2,4360,4385.866054567022,2307.803403607566,,,,1155.0,39.018
6154,2,4361,4386.866054567022,2308.803403607566,,,,1150.0,39.004
6155,2,4362,4387.866054567022,2309.803403607566,,,,1149.0,38.989
6156,2,4363,4388.866054567022,2310.803403607566,,,,1150.0,38.974
6157,2,4364,4389.866054567022,2311.803403607566,,,,1151.0,38.961
6158,2,4365,4390.866054567022,2312.803403607566,,,,1152.0,38.95
6159,2,4366,4391.866054567022,2313.803403607566,,,,1152.0,38.939
6160,2,4367,4392.866054567022,2314.803403607566,,,,1152.0,38.928
6161,2,4368,4393.866054567022,2315.803403607566,,,,1152.0,38.916
6162,2,4369,4394.866054567022,2316.803403607566,,,,1150.0,38.904
6163,2,4370,4395.866054567022,2317.803403607566,,,,1149.0,38.891
6164,2,4371,4396.866054567022,2318.803403607566,,,,1148.0,38.879
6165,2,4372,4397.866054567022,2319.803403607566,,,,1148.0,38.868
6166,2,4373,4398.866054567022,2320.803403607566,,,,1141.0,38.857
6167,2,4374,4399.866054567022,2321.803403607566,,,,1148.0,38.846
6168,2,4375,4400.866054567022,2322.803403607566,,,,1146.0,38.833
6169,2,4376,4401.866054567022,2323.803403607566,,,,1143.0,38.821
6170,2,4377,4402.866054567022,2324.803403607566,,,,1141.0,38.808
6171,2,4378,4403.866054567022,2325.803403607566,,,,1139.0,38.794
6172,2,4379,4404.866054567022,2326.803403607566,,,,1137.0,38.782
6173,2,4380,4405.866054567022,2327.803403607566,,,,1136.0,38.769
6174,2,4381,4406.866054567022,2328.803403607566,,,,1135.0,38.756
6175,2,4382,4407.866054567022,2329.803403607566,,,,1133.0,38.745
6176,2,4383,4408.866054567022,2330.803403607566,,,,1132.0,38.733
6177,2,4384,4409.866054567022,2331.803403607566,,,,1130.0,38.721
6178,2,4385,4410.866054567022,2332.803403607566,,,,1128.0,38.709
6179,2,4386,4411.866054567022,2333.803403607566,,,,1126.0,38.698
6180,2,4387,4412.866054567022,2334.803403607566,,,,1125.0,38.684
6181,2,4388,4413.866054567022,2335.803403607566,,,,1123.0,38.673
6182,2,4389,4414.866054567022,2336.803403607566,,,,1121.0,38.662
6183,2,4390,4415.866054567022,2337.803403607566,,,,1120.0,38.65
6184,2,4391,4416.866054567022,2338.803403607566,,,,1119.0,38.638
6185,2,4392,4417.866054567022,2339.803403607566,,,,1117.0,38.627
6186,2,4393,4418.866054567022,2340.803403607566,,,,1116.0,38.615
6187,2,4394,4419.866054567022,2341.803403607566,,,,1114.0,38.604
6188,2,4395,4420.866054567022,2342.803403607566,,,,1112.0,38.592
6189,2,4396,4421.866054567022,2343.803403607566,,,,1110.0,38.58
6190,2,4397,4422.866054567022,2344.803403607566,,,,1110.0,38.568
6191,2,4398,4423.866054567022,2345.803403607566,,,,1106.0,38.555
6192,2,4399,4424.866054567022,2346.803403607566,,,,1105.0,38.543
6193,2,4400,4425.866054567022,2347.803403607566,,,,1103.0,38.532
6194,2,4401,4426.866054567022,2348.803403607566,,,,1101.0,38.52
6195,2,4402,4427.866054567022,2349.803403607566,,,,1098.0,38.508
6196,2,4403,4428.866054567022,2350.803403607566,,,,1097.0,38.497
6197,2,4404,4429.866054567022,2351.803403607566,,,,1095.0,38.486
6198,2,4405,4430.866054567022,2352.803403607566,,,,1092.0,38.474
6199,2,4406,4431.866054567022,2353.803403607566,,,,1091.0,38.463
6200,2,4407,4432.866054567022,2354.803403607566,,,,1089.0,38.453
6201,2,4408,4433.866054567022,2355.803403607566,,,,1087.0,38.443
6202,2,4409,4434.866054567022,2356.803403607566,,,,1085.0,38.434
6203,2,4410,4435.866054567022,2357.803403607566,,,,1082.0,38.424
6204,2,4411,4436.866054567022,2358.803403607566,,,,1080.0,38.413
6205,2,4412,4437.866054567022,2359.803403607566,,,,1076.0,38.403
6206,2,4413,4438.866054567022,2360.803403607566,,,,1073.0,38.392
6207,2,4414,4439.866054567022,2361.803403607566,,,,1070.0,38.381
6208,2,4415,4440.866054567022,2362.803403607566,,,,1069.0,38.371
6209,2,4416,4441.866054567022,2363.803403607566,,,,1066.0,38.36
6210,2,4417,4442.866054567022,2364.803403607566,,,,1064.0,38.35
6211,2,4418,4443.866054567022,2365.803403607566,,,,1062.0,38.339
6212,2,4419,4444.866054567022,2366.803403607566,,,,1059.0,38.327
6213,2,4420,4445.866054567022,2367.803403607566,,,,1056.0,38.314
6214,2,4421,4446.866054567022,2368.803403607566,,,,1054.0,38.302
6215,2,4422,4447.866054567022,2369.803403607566,,,,1052.0,38.289
6216,2,4423,4448.866054567022,2370.803403607566,,,,1051.0,38.278
6217,2,4424,4449.866054567022,2371.803403607566,,,,1050.0,38.267
6218,2,4425,4450.866054567022,2372.803403607566,,,,1049.0,38.256
6219,2,4426,4451.866054567022,2373.803403607566,,,,1048.0,38.244
6220,2,4427,4452.866054567022,2374.803403607566,,,,1047.0,38.233
6221,2,4428,4453.866054567022,2375.803403607566,,,,1045.0,38.22
6222,2,4429,4454.866054567022,2376.803403607566,,,,1043.0,38.208
6223,2,4430,4455.866054567022,2377.803403607566,,,,1042.0,38.195
6224,2,4431,4456.866054567022,2378.803403607566,,,,1040.0,38.18
6225,2,4432,4457.866054567022,2379.803403607566,,,,1039.0,38.167
6226,2,4433,4458.866054567022,2380.803403607566,,,,1038.0,38.154
6227,2,4434,4459.866054567022,2381.803403607566,,,,1038.0,38.141
6228,2,4435,4460.866054567022,2382.803403607566,,,,1037.0,38.128
6229,2,4436,4461.866054567022,2383.803403607566,,,,1035.0,38.115
6230,2,4437,4462.866054567022,2384.803403607566,,,,1034.0,38.103
6231,2,4438,4463.866054567022,2385.803403607566,,,,1032.0,38.089
6232,2,4439,4464.866054567022,2386.803403607566,,,,1030.0,38.076
6233,2,4440,4465.866054567022,2387.803403607566,,,,1029.0,38.064
6234,2,4441,4466.866054567022,2388.803403607566,,,,1027.0,38.051
6235,2,4442,4467.866054567022,2389.803403607566,,,,1026.0,38.038
6236,2,4443,4468.866054567022,2390.803403607566,,,,1024.0,38.025
6237,2,4444,4469.866054567022,2391.803403607566,,,,1023.0,38.012
6238,2,4445,4470.866054567022,2392.803403607566,,,,1021.0,37.999
6239,2,4446,4471.866054567022,2393.803403607566,,,,1019.0,37.986
6240,2,4447,4472.866054567022,2394.803403607566,,,,1015.0,37.972
6241,2,4448,4473.866054567022,2395.803403607566,,,,1013.0,37.958
6242,2,4449,4474.866054567022,2396.803403607566,,,,1011.0,37.943
6243,2,4450,4475.866054567022,2397.803403607566,,,,1009.0,37.928
6244,2,4451,4476.866054567022,2398.803403607566,,,,1007.0,37.914
6245,2,4452,4477.866054567022,2399.803403607566,,,,1007.0,37.9
6246,2,4453,4478.866054567022,2400.803403607566,,,,1006.0,37.887
6247,2,4454,4479.866054567022,2401.803403607566,,,,1004.0,37.874
6248,2,4455,4480.866054567022,2402.803403607566,,,,1004.0,37.861
6249,2,4456,4481.866054567022,2403.803403607566,,,,1004.0,37.85
6250,2,4457,4482.866054567022,2404.803403607566,,,,1004.0,37.838
6251,2,4458,4483.866054567022,2405.803403607566,,,,1003.0,37.826
6252,2,4459,4484.866054567022,2406.803403607566,,,,1001.0,37.816
6253,2,4460,4485.866054567022,2407.803403607566,,,,999.0,37.803
6254,2,4461,4486.866054567022,2408.803403607566,,,,997.0,37.79
6255,2,4462,4487.866054567022,2409.803403607566,,,,995.0,37.776
6256,2,4463,4488.866054567022,2410.803403607566,,,,993.0,37.762
6257,2,4464,4489.866054567022,2411.803403607566,,,,993.0,37.75
6258,2,4465,4490.866054567022,2412.803403607566,,,,994.0,37.738
6259,2,4466,4491.866054567022,2413.803403607566,,,,994.0,37.727
6260,2,4467,4492.866054567022,2414.803403607566,,,,993.0,37.715
6261,2,4468,4493.866054567022,2415.803403607566,,,,993.0,37.704
6262,2,4469,4494.866054567022,2416.803403607566,,,,993.0,37.694
6263,2,4470,4495.866054567022,2417.803403607566,,,,992.0,37.682
6264,2,4471,4496.866054567022,2418.803403607566,,,,990.0,37.671
6265,2,4472,4497.866054567022,2419.803403607566,,,,988.0,37.658
6266,2,4473,4498.866054567022,2420.803403607566,,,,985.0,37.646
6267,2,4474,4499.866054567022,2421.803403607566,,,,984.0,37.634
6268,2,4475,4500.866054567022,2422.803403607566,,,,983.0,37.622
6269,2,4476,4501.866054567022,2423.803403607566,,,,980.0,37.611
6270,2,4477,4502.866054567022,2424.803403607566,,,,978.0,37.599
6271,2,4478,4503.866054567022,2425.803403607566,,,,976.0,37.589
6272,2,4479,4504.866054567022,2426.803403607566,,,,974.0,37.577
6273,2,4480,4505.866054567022,2427.803403607566,,,,971.0,37.565
6274,2,4481,4506.866054567022,2428.803403607566,,,,969.0,37.554
6275,2,4482,4507.866054567022,2429.803403607566,,,,965.0,37.541
6276,2,4483,4508.866054567022,2430.803403607566,,,,962.0,37.529
6277,2,4484,4509.866054567022,2431.803403607566,,,,959.0,37.517
6278,2,4485,4510.866054567022,2432.803403607566,,,,957.0,37.505
6279,2,4486,4511.866054567022,2433.803403607566,,,,955.0,37.493
6280,2,4487,4512.866054567022,2434.803403607566,,,,952.0,37.48
6281,2,4488,4513.866054567022,2435.803403607566,,,,951.0,37.469
6282,2,4489,4514.866054567022,2436.803403607566,,,,947.0,37.459
6283,2,4490,4515.866054567022,2437.803403607566,,,,945.0,37.452
6284,2,4491,4516.866054567022,2438.803403607566,,,,941.0,37.447
6285,2,4492,4517.866054567022,2439.803403607566,,,,939.0,37.443
6286,2,4493,4518.866054567022,2440.803403607566,,,,937.0,37.442
